term,coefficient_literacy,coefficient_risk,variant,fold
categorical__rede_nome_Estadual,0.16355972486886594,-0.16355972486886594,rede_uf,0
categorical__rede_nome_Municipal,0.025554384256101282,-0.025554384256101282,rede_uf,0
categorical__sigla_uf_AL,-0.413824945119719,0.413824945119719,rede_uf,0
categorical__sigla_uf_AM,-0.08544681541431755,0.08544681541431755,rede_uf,0
categorical__sigla_uf_AP,-0.571462262870579,0.571462262870579,rede_uf,0
categorical__sigla_uf_BA,-0.7192777608065419,0.7192777608065419,rede_uf,0
categorical__sigla_uf_CE,1.4627095825184007,-1.4627095825184007,rede_uf,0
categorical__sigla_uf_ES,0.7320891196858996,-0.7320891196858996,rede_uf,0
categorical__sigla_uf_GO,0.563169556586567,-0.563169556586567,rede_uf,0
categorical__sigla_uf_MA,0.17772304315981088,-0.17772304315981088,rede_uf,0
categorical__sigla_uf_MG,0.16391028279928366,-0.16391028279928366,rede_uf,0
categorical__sigla_uf_MS,-0.35952979870916185,0.35952979870916185,rede_uf,0
categorical__sigla_uf_MT,-0.012939986813087325,0.012939986813087325,rede_uf,0
categorical__sigla_uf_PA,-0.3017209490608498,0.3017209490608498,rede_uf,0
categorical__sigla_uf_PB,-0.12415934818954921,0.12415934818954921,rede_uf,0
categorical__sigla_uf_PE,0.17062167370382184,-0.17062167370382184,rede_uf,0
categorical__sigla_uf_PI,-0.012651746993776762,0.012651746993776762,rede_uf,0
categorical__sigla_uf_PR,0.8125329518823073,-0.8125329518823073,rede_uf,0
categorical__sigla_uf_RJ,-0.10380182074690109,0.10380182074690109,rede_uf,0
categorical__sigla_uf_RN,-0.7193023962800299,0.7193023962800299,rede_uf,0
categorical__sigla_uf_RO,0.42659868446165616,-0.42659868446165616,rede_uf,0
categorical__sigla_uf_RS,0.39686449025328824,-0.39686449025328824,rede_uf,0
categorical__sigla_uf_SC,0.24846821286881954,-0.24846821286881954,rede_uf,0
categorical__sigla_uf_SE,-1.0010195985850403,1.0010195985850403,rede_uf,0
categorical__sigla_uf_TO,-0.5404360592091932,0.5404360592091932,rede_uf,0
intercept,0.18948565482896068,-0.18948565482896068,rede_uf,0
categorical__rede_nome_Estadual,0.1411452633743026,-0.1411452633743026,rede_uf,1
categorical__rede_nome_Municipal,0.02065534855655083,-0.02065534855655083,rede_uf,1
categorical__sigla_uf_AL,-0.39322690586188713,0.39322690586188713,rede_uf,1
categorical__sigla_uf_AM,-0.15924708223750003,0.15924708223750003,rede_uf,1
categorical__sigla_uf_AP,-0.5007131253838955,0.5007131253838955,rede_uf,1
categorical__sigla_uf_BA,-0.7201510565246826,0.7201510565246826,rede_uf,1
categorical__sigla_uf_CE,1.484762593720129,-1.484762593720129,rede_uf,1
categorical__sigla_uf_ES,0.5244741871815533,-0.5244741871815533,rede_uf,1
categorical__sigla_uf_GO,0.45471911090395456,-0.45471911090395456,rede_uf,1
categorical__sigla_uf_MA,0.030049285535485852,-0.030049285535485852,rede_uf,1
categorical__sigla_uf_MG,0.23238264343301873,-0.23238264343301873,rede_uf,1
categorical__sigla_uf_MS,-0.2174656944813381,0.2174656944813381,rede_uf,1
categorical__sigla_uf_MT,0.06254099657115611,-0.06254099657115611,rede_uf,1
categorical__sigla_uf_PA,-0.2137672082535226,0.2137672082535226,rede_uf,1
categorical__sigla_uf_PB,-0.09099130947245083,0.09099130947245083,rede_uf,1
categorical__sigla_uf_PE,0.14588104660767146,-0.14588104660767146,rede_uf,1
categorical__sigla_uf_PI,-0.1425739249113482,0.1425739249113482,rede_uf,1
categorical__sigla_uf_PR,0.8414548288487238,-0.8414548288487238,rede_uf,1
categorical__sigla_uf_RJ,-0.032003596264297586,0.032003596264297586,rede_uf,1
categorical__sigla_uf_RN,-0.6979749503880537,0.6979749503880537,rede_uf,1
categorical__sigla_uf_RO,0.4209753694597461,-0.4209753694597461,rede_uf,1
categorical__sigla_uf_RS,0.3441714907991765,-0.3441714907991765,rede_uf,1
categorical__sigla_uf_SC,0.2950409053549263,-0.2950409053549263,rede_uf,1
categorical__sigla_uf_SE,-1.0530614189395426,1.0530614189395426,rede_uf,1
categorical__sigla_uf_TO,-0.4534755737723341,0.4534755737723341,rede_uf,1
intercept,0.16225497579064366,-0.16225497579064366,rede_uf,1
categorical__rede_nome_Estadual,0.17765185829947694,-0.17765185829947694,rede_uf,2
categorical__rede_nome_Municipal,0.01090572602979698,-0.01090572602979698,rede_uf,2
categorical__sigla_uf_AL,-0.4740867914491941,0.4740867914491941,rede_uf,2
categorical__sigla_uf_AM,-0.10826856359546796,0.10826856359546796,rede_uf,2
categorical__sigla_uf_AP,-0.617453518833115,0.617453518833115,rede_uf,2
categorical__sigla_uf_BA,-0.7138146053685184,0.7138146053685184,rede_uf,2
categorical__sigla_uf_CE,1.6232611466598899,-1.6232611466598899,rede_uf,2
categorical__sigla_uf_ES,0.4763189368876635,-0.4763189368876635,rede_uf,2
categorical__sigla_uf_GO,0.5124561392433358,-0.5124561392433358,rede_uf,2
categorical__sigla_uf_MA,0.06260999820965454,-0.06260999820965454,rede_uf,2
categorical__sigla_uf_MG,0.2475334478938716,-0.2475334478938716,rede_uf,2
categorical__sigla_uf_MS,-0.27114099287724486,0.27114099287724486,rede_uf,2
categorical__sigla_uf_MT,-0.001663650756666283,0.001663650756666283,rede_uf,2
categorical__sigla_uf_PA,-0.21689904524294773,0.21689904524294773,rede_uf,2
categorical__sigla_uf_PB,-0.20769652890341145,0.20769652890341145,rede_uf,2
categorical__sigla_uf_PE,0.18708204146166582,-0.18708204146166582,rede_uf,2
categorical__sigla_uf_PI,-0.08863115545007284,0.08863115545007284,rede_uf,2
categorical__sigla_uf_PR,0.8312259003509459,-0.8312259003509459,rede_uf,2
categorical__sigla_uf_RJ,-0.06965623874965761,0.06965623874965761,rede_uf,2
categorical__sigla_uf_RN,-0.7250578053237666,0.7250578053237666,rede_uf,2
categorical__sigla_uf_RO,0.40470578345541897,-0.40470578345541897,rede_uf,2
categorical__sigla_uf_RS,0.3427083188753507,-0.3427083188753507,rede_uf,2
categorical__sigla_uf_SC,0.3210027551948305,-0.3210027551948305,rede_uf,2
categorical__sigla_uf_SE,-0.9469224708711702,0.9469224708711702,rede_uf,2
categorical__sigla_uf_TO,-0.3790555164535398,0.3790555164535398,rede_uf,2
intercept,0.1890315737453709,-0.1890315737453709,rede_uf,2
categorical__rede_nome_Estadual,0.18493365193287054,-0.18493365193287054,completa,0
categorical__rede_nome_Municipal,0.020395804391520556,-0.020395804391520556,completa,0
categorical__sigla_uf_AL,-0.397576537592563,0.397576537592563,completa,0
categorical__sigla_uf_AM,0.042366975053049725,-0.042366975053049725,completa,0
categorical__sigla_uf_AP,-0.3848228164491947,0.3848228164491947,completa,0
categorical__sigla_uf_BA,-0.7151008022034955,0.7151008022034955,completa,0
categorical__sigla_uf_CE,1.5239399079312679,-1.5239399079312679,completa,0
categorical__sigla_uf_ES,0.6759735079245105,-0.6759735079245105,completa,0
categorical__sigla_uf_GO,0.5224880011383553,-0.5224880011383553,completa,0
categorical__sigla_uf_MA,0.20048493794542566,-0.20048493794542566,completa,0
categorical__sigla_uf_MG,0.11452144817039582,-0.11452144817039582,completa,0
categorical__sigla_uf_MS,-0.37865391863269504,0.37865391863269504,completa,0
categorical__sigla_uf_MT,-0.08185514100631833,0.08185514100631833,completa,0
categorical__sigla_uf_PA,-0.2850654026059307,0.2850654026059307,completa,0
categorical__sigla_uf_PB,-0.10130236039150514,0.10130236039150514,completa,0
categorical__sigla_uf_PE,0.2303513399213249,-0.2303513399213249,completa,0
categorical__sigla_uf_PI,0.013457472732022717,-0.013457472732022717,completa,0
categorical__sigla_uf_PR,0.7365432223470766,-0.7365432223470766,completa,0
categorical__sigla_uf_RJ,-0.05735172650878237,0.05735172650878237,completa,0
categorical__sigla_uf_RN,-0.6983516623509778,0.6983516623509778,completa,0
categorical__sigla_uf_RO,0.4340641055568761,-0.4340641055568761,completa,0
categorical__sigla_uf_RS,0.29949104884217903,-0.29949104884217903,completa,0
categorical__sigla_uf_SC,0.12386754080595376,-0.12386754080595376,completa,0
categorical__sigla_uf_SE,-0.9650539025348892,0.9650539025348892,completa,0
categorical__sigla_uf_TO,-0.6470857817638741,0.6470857817638741,completa,0
log__populacao_2021,-0.15387031989962563,0.15387031989962563,completa,0
log__pib_per_capita_2020,0.002204400717928277,-0.002204400717928277,completa,0
shares__participacao_agropecuaria_2020,-0.01738330461368656,0.01738330461368656,completa,0
shares__participacao_servicos_publicos_2020,-0.09318097274247135,0.09318097274247135,completa,0
intercept,0.20585906428847595,-0.20585906428847595,completa,0
categorical__rede_nome_Estadual,0.1707891711784399,-0.1707891711784399,completa,1
categorical__rede_nome_Municipal,-0.0033138396812428285,0.0033138396812428285,completa,1
categorical__sigla_uf_AL,-0.4260594632526634,0.4260594632526634,completa,1
categorical__sigla_uf_AM,-0.12339183402224876,0.12339183402224876,completa,1
categorical__sigla_uf_AP,-0.4781571383372167,0.4781571383372167,completa,1
categorical__sigla_uf_BA,-0.7109519002091226,0.7109519002091226,completa,1
categorical__sigla_uf_CE,1.5861709369577823,-1.5861709369577823,completa,1
categorical__sigla_uf_ES,0.5424546019056677,-0.5424546019056677,completa,1
categorical__sigla_uf_GO,0.47314912695805045,-0.47314912695805045,completa,1
categorical__sigla_uf_MA,0.10505593830778384,-0.10505593830778384,completa,1
categorical__sigla_uf_MG,0.22357791705922278,-0.22357791705922278,completa,1
categorical__sigla_uf_MS,-0.3885329371512319,0.3885329371512319,completa,1
categorical__sigla_uf_MT,-0.04571941162458295,0.04571941162458295,completa,1
categorical__sigla_uf_PA,-0.16110396461511534,0.16110396461511534,completa,1
categorical__sigla_uf_PB,-0.10204637663844225,0.10204637663844225,completa,1
categorical__sigla_uf_PE,0.2129457510990601,-0.2129457510990601,completa,1
categorical__sigla_uf_PI,-0.13800521171060923,0.13800521171060923,completa,1
categorical__sigla_uf_PR,0.7953242413368474,-0.7953242413368474,completa,1
categorical__sigla_uf_RJ,0.12473609912227744,-0.12473609912227744,completa,1
categorical__sigla_uf_RN,-0.6745500023077634,0.6745500023077634,completa,1
categorical__sigla_uf_RO,0.40815709698438785,-0.40815709698438785,completa,1
categorical__sigla_uf_RS,0.27527669808498706,-0.27527669808498706,completa,1
categorical__sigla_uf_SC,0.1932813371617322,-0.1932813371617322,completa,1
categorical__sigla_uf_SE,-1.0159900714176848,1.0159900714176848,completa,1
categorical__sigla_uf_TO,-0.508146102195912,0.508146102195912,completa,1
log__populacao_2021,-0.14216788152461213,0.14216788152461213,completa,1
log__pib_per_capita_2020,0.06665941235277108,-0.06665941235277108,completa,1
shares__participacao_agropecuaria_2020,0.01425038301585997,-0.01425038301585997,completa,1
shares__participacao_servicos_publicos_2020,-0.023314394542165145,0.023314394542165145,completa,1
intercept,0.16800744041338372,-0.16800744041338372,completa,1
categorical__rede_nome_Estadual,0.20101357313663365,-0.20101357313663365,completa,2
categorical__rede_nome_Municipal,-0.000128157933379373,0.000128157933379373,completa,2
categorical__sigla_uf_AL,-0.46679951124982505,0.46679951124982505,completa,2
categorical__sigla_uf_AM,8.824338335617202e-05,-8.824338335617202e-05,completa,2
categorical__sigla_uf_AP,-0.3971386019093031,0.3971386019093031,completa,2
categorical__sigla_uf_BA,-0.6825524881622109,0.6825524881622109,completa,2
categorical__sigla_uf_CE,1.6413552198160457,-1.6413552198160457,completa,2
categorical__sigla_uf_ES,0.4489945561730774,-0.4489945561730774,completa,2
categorical__sigla_uf_GO,0.46384793417153763,-0.46384793417153763,completa,2
categorical__sigla_uf_MA,0.1404000805052324,-0.1404000805052324,completa,2
categorical__sigla_uf_MG,0.1686322074733593,-0.1686322074733593,completa,2
categorical__sigla_uf_MS,-0.3302623734531075,0.3302623734531075,completa,2
categorical__sigla_uf_MT,-0.16748433446183217,0.16748433446183217,completa,2
categorical__sigla_uf_PA,-0.17831158323392554,0.17831158323392554,completa,2
categorical__sigla_uf_PB,-0.13618509660660932,0.13618509660660932,completa,2
categorical__sigla_uf_PE,0.2574165068815135,-0.2574165068815135,completa,2
categorical__sigla_uf_PI,-0.01782110475529683,0.01782110475529683,completa,2
categorical__sigla_uf_PR,0.7013553429890241,-0.7013553429890241,completa,2
categorical__sigla_uf_RJ,0.07878144503756879,-0.07878144503756879,completa,2
categorical__sigla_uf_RN,-0.7179037618481047,0.7179037618481047,completa,2
categorical__sigla_uf_RO,0.33126613750540446,-0.33126613750540446,completa,2
categorical__sigla_uf_RS,0.2417668191973375,-0.2417668191973375,completa,2
categorical__sigla_uf_SC,0.17013522916564078,-0.17013522916564078,completa,2
categorical__sigla_uf_SE,-0.9403392821150451,0.9403392821150451,completa,2
categorical__sigla_uf_TO,-0.408356169301325,0.408356169301325,completa,2
log__populacao_2021,-0.13290214468598882,0.13290214468598882,completa,2
log__pib_per_capita_2020,0.021516476950144192,-0.021516476950144192,completa,2
shares__participacao_agropecuaria_2020,0.016985873174919723,-0.016985873174919723,completa,2
shares__participacao_servicos_publicos_2020,-0.09576648288481149,0.09576648288481149,completa,2
intercept,0.20142367790625765,-0.20142367790625765,completa,2
