id_municipio,fold,alunos_2023
1100015,0,227
1100023,1,1222
1100031,1,76
1100049,2,813
1100056,2,222
1100064,2,147
1100072,0,119
1100080,0,214
1100098,0,435
1100106,0,506
1100114,0,658
1100122,2,1496
1100130,0,432
1100148,1,216
1100155,1,384
1100189,2,440
1100205,2,5870
1100254,1,197
1100262,2,49
1100288,2,676
1100296,2,92
1100304,2,1054
1100320,0,226
1100338,2,384
1100346,0,148
1100379,0,172
1100403,1,133
1100452,2,433
1100502,0,103
1100601,0,75
1100700,2,150
1100809,1,327
1100908,1,58
1100924,1,162
1100940,2,259
1101005,0,126
1101104,1,144
1101203,1,89
1101302,2,152
1101401,0,220
1101435,2,81
1101450,2,55
1101468,0,37
1101476,0,51
1101484,0,76
1101492,0,247
1101500,2,177
1101559,2,68
1101609,0,95
1101708,0,139
1101757,0,110
1101807,2,74
1300029,1,221
1300060,0,195
1300086,2,107
1300102,2,261
1300144,0,216
1300201,2,212
1300300,0,631
1300409,0,234
1300508,0,399
1300607,2,547
1300631,0,243
1300680,1,198
1300706,0,355
1300805,1,384
1300839,2,123
1300904,2,171
1301001,0,365
1301100,0,194
1301159,1,145
1301209,0,1048
1301308,1,336
1301407,2,440
1301506,0,233
1301605,1,380
1301654,0,181
1301704,2,729
1301803,2,221
1301852,0,725
1301902,1,1261
1301951,2,145
1302009,1,137
1302108,0,162
1302207,1,162
1302306,2,347
1302405,2,474
1302504,0,1351
1302553,1,180
1302603,1,23993
1302702,2,487
1302801,2,157
1302900,2,590
1303007,2,172
1303106,1,319
1303205,0,266
1303304,1,254
1303403,1,1332
1303502,2,204
1303536,0,506
1303569,1,331
1303601,1,127
1303700,1,575
1303809,0,503
1303908,0,645
1303957,1,157
1304005,1,121
1304062,0,1244
1304104,0,270
1304203,1,1129
1304237,0,286
1304260,1,199
1304302,1,204
1304401,2,226
1500107,2,1222
1500131,2,95
1500206,2,463
1500305,2,447
1500347,1,191
1500404,1,740
1500503,1,401
1500602,2,1442
1500701,1,316
1500800,0,4287
1500859,2,401
1500909,0,548
1500958,2,193
1501006,0,136
1501105,2,244
1501204,1,337
1501253,1,36
1501303,2,1336
1501402,0,9459
1501451,2,233
1501501,1,928
1501576,2,156
1501600,1,104
1501709,1,1289
1501725,0,187
1501758,1,104
1501782,2,548
1501808,2,805
1501907,2,216
1501956,1,150
1502004,2,234
1502103,2,1154
1502152,1,1186
1502202,0,756
1502301,1,473
1502400,1,1771
1502509,2,142
1502608,2,72
1502707,0,414
1502756,0,250
1502764,2,178
1502772,0,297
1502806,1,597
1502855,0,178
1502905,0,246
1502939,2,497
1502954,2,293
1503002,0,112
1503044,2,250
1503077,2,291
1503093,0,303
1503101,0,446
1503200,0,388
1503309,1,532
1503408,2,135
1503457,2,335
1503507,2,155
1503606,0,1966
1503705,1,506
1503754,2,213
1503804,1,521
1503903,2,764
1504000,2,301
1504059,2,296
1504109,0,56
1504208,1,3186
1504307,2,187
1504406,1,216
1504422,1,1519
1504455,0,334
1504505,1,366
1504604,1,300
1504703,1,752
1504752,2,189
1504802,0,750
1504901,0,532
1504950,0,209
1504976,0,200
1505007,2,137
1505031,2,457
1505064,0,776
1505106,1,361
1505205,0,507
1505304,2,687
1505403,0,184
1505437,2,416
1505486,0,444
1505494,1,93
1505502,1,1453
1505536,0,3161
1505551,0,75
1505601,2,67
1505635,2,138
1505650,1,200
1505700,2,235
1505809,2,610
1505908,2,470
1506005,1,510
1506104,2,140
1506112,1,148
1506138,0,1184
1506161,2,223
1506187,0,414
1506195,2,357
1506203,1,538
1506302,0,263
1506351,1,249
1506401,2,101
1506500,2,668
1506559,2,146
1506583,0,251
1506609,0,173
1506708,0,527
1506807,1,4298
1506906,1,47
1507003,0,287
1507102,1,137
1507151,0,214
1507201,1,175
1507300,2,751
1507409,0,103
1507458,2,381
1507466,0,27
1507474,0,183
1507508,2,196
1507607,2,596
1507706,0,364
1507755,2,94
1507805,0,323
1507904,2,431
1507953,0,1055
1507961,2,93
1507979,1,325
1508001,2,1130
1508035,2,176
1508050,2,200
1508084,2,504
1508100,0,1244
1508126,2,357
1508159,0,466
1508209,0,416
1508308,1,681
1508357,1,279
1508407,1,599
1600055,0,68
1600105,0,132
1600154,2,178
1600204,2,217
1600212,0,93
1600238,2,174
1600253,2,86
1600279,2,582
1600303,1,6193
1600402,1,402
1600501,0,395
1600535,1,315
1600550,1,91
1600600,0,1672
1600709,1,247
1600808,1,230
1700251,0,29
1700301,1,69
1700350,2,27
1700400,1,86
1700707,2,115
1701002,0,157
1701051,1,37
1701101,0,73
1701309,2,68
1701903,2,92
1702000,2,84
1702109,0,2019
1702158,0,68
1702208,2,307
1702307,2,82
1702406,0,65
1702554,2,202
1702703,2,28
1702901,2,73
1703008,2,98
1703057,1,37
1703073,2,76
1703107,2,58
1703206,0,50
1703305,2,31
1703602,2,34
1703701,2,63
1703800,2,87
1703826,1,29
1703842,1,148
1703867,2,51
1703883,1,31
1703891,0,39
1703909,0,84
1704105,2,30
1704600,2,16
1705102,1,37
1705508,1,454
1705557,2,45
1705607,0,29
1706001,1,77
1706100,1,49
1706258,0,31
1706506,1,94
1707009,1,262
1707108,1,90
1707207,0,57
1707306,2,51
1707405,2,102
1707553,0,45
1707652,1,73
1707702,2,83
1708205,0,138
1708254,0,47
1708304,2,43
1709005,1,155
1709302,2,182
1709500,2,650
1709807,1,11
1710508,2,56
1710706,2,61
1710904,0,49
1711100,2,39
1711506,2,39
1711803,2,36
1711902,2,148
1711951,1,62
1712009,0,49
1712157,1,13
1712405,2,28
1712454,0,40
1712504,1,88
1712702,2,29
1712801,1,37
1713205,2,187
1713304,2,162
1713601,1,59
1713700,0,34
1713809,1,48
1713957,0,34
1714203,2,124
1714302,0,51
1714880,2,184
1715002,0,29
1715101,1,46
1715150,0,24
1715259,0,30
1715507,0,16
1715705,0,54
1715754,0,97
1716109,1,602
1716208,0,130
1716307,2,43
1716505,1,170
1716604,2,96
1716653,2,49
1716703,0,78
1717008,2,50
1717206,2,36
1717503,2,72
1717800,0,21
1717909,1,95
1718006,0,33
1718204,1,769
1718303,0,53
1718402,2,42
1718451,1,29
1718501,1,44
1718550,2,52
1718659,0,40
1718709,2,29
1718758,0,70
1718808,1,66
1718840,2,40
1718865,1,54
1718881,2,49
1718899,1,22
1718907,2,65
1719004,1,45
1720002,0,20
1720101,1,84
1720150,1,30
1720200,1,136
1720259,2,38
1720309,2,45
1720499,2,61
1720655,0,75
1720804,1,155
1720853,1,28
1720903,0,148
1720937,2,25
1720978,1,34
1721000,0,3038
1721109,0,60
1721208,1,239
1721257,0,11
1721307,2,16
1722081,0,131
1722107,1,112
2100055,0,1350
2100105,2,69
2100154,1,162
2100204,1,147
2100303,2,289
2100402,2,70
2100436,2,217
2100477,0,380
2100501,1,75
2100550,0,88
2100600,0,319
2100709,1,184
2100808,1,179
2100832,2,172
2100873,0,125
2100907,0,340
2100956,0,181
2101004,2,356
2101103,1,135
2101202,0,1033
2101251,0,178
2101301,1,159
2101350,1,36
2101400,2,1242
2101509,2,136
2101608,1,845
2101707,2,745
2101731,1,129
2101772,1,174
2101806,2,91
2101905,2,119
2101939,2,28
2101970,1,111
2102002,0,500
2102036,2,399
2102077,1,77
2102101,1,293
2102150,1,102
2102200,2,277
2102309,0,257
2102325,2,709
2102358,1,156
2102374,2,87
2102408,1,61
2102507,0,100
2102556,1,189
2102606,1,237
2102705,0,204
2102754,0,82
2102804,2,232
2102903,1,361
2103000,0,1565
2103109,0,73
2103125,2,72
2103158,1,168
2103174,1,278
2103208,0,819
2103257,2,108
2103307,0,1233
2103406,2,507
2103505,1,385
2103554,0,183
2103604,0,603
2103703,0,293
2103752,2,229
2103802,2,194
2103901,0,142
2104008,1,171
2104057,1,477
2104073,0,138
2104081,2,66
2104099,0,210
2104107,2,156
2104206,2,232
2104305,1,161
2104404,2,105
2104503,0,78
2104552,2,326
2104602,1,139
2104628,1,107
2104651,1,83
2104677,2,352
2104701,2,53
2104800,2,1028
2104909,0,143
2105005,2,303
2105104,1,206
2105153,0,194
2105203,2,118
2105302,0,2978
2105351,1,172
2105401,1,750
2105427,2,287
2105450,2,102
2105476,1,115
2105500,0,288
2105609,1,185
2105658,0,77
2105708,0,462
2105807,1,54
2105906,2,164
2105922,1,103
2105948,1,67
2105963,0,134
2105989,0,77
2106003,1,106
2106102,0,132
2106201,2,108
2106300,1,170
2106326,0,337
2106359,0,36
2106375,2,137
2106409,2,246
2106508,0,205
2106607,0,289
2106631,0,66
2106672,1,75
2106706,0,213
2106755,1,282
2106805,2,106
2106904,0,295
2107001,1,122
2107100,1,193
2107209,0,126
2107258,2,84
2107308,0,62
2107357,0,150
2107407,2,150
2107456,1,95
2107506,1,1603
2107605,2,120
2107704,1,246
2107803,2,354
2107902,2,242
2108009,2,218
2108058,0,116
2108108,0,252
2108207,2,304
2108256,0,210
2108306,0,324
2108405,1,63
2108454,2,241
2108504,2,369
2108603,1,606
2108702,1,228
2108801,0,135
2108900,1,95
2109007,1,305
2109056,2,81
2109106,0,407
2109205,1,57
2109239,0,56
2109270,2,273
2109304,0,118
2109403,1,104
2109452,0,409
2109502,1,264
2109551,0,87
2109601,2,457
2109700,0,61
2109759,0,55
2109809,0,225
2109908,0,863
2110005,0,734
2110039,0,249
2110104,2,201
2110203,1,426
2110237,1,63
2110278,2,111
2110302,1,120
2110401,2,156
2110500,2,258
2110609,0,301
2110658,0,108
2110708,1,342
2110807,0,48
2110856,1,147
2110906,2,154
2111003,2,89
2111029,1,141
2111052,2,118
2111078,2,166
2111102,1,290
2111201,1,2000
2111250,2,63
2111300,0,6441
2111409,2,151
2111508,1,444
2111532,2,183
2111573,0,83
2111607,2,257
2111631,1,46
2111672,0,44
2111706,1,114
2111722,1,50
2111748,2,121
2111763,1,159
2111789,1,98
2111805,0,246
2111904,0,129
2111953,1,39
2112001,1,119
2112100,2,287
2112209,0,1915
2112233,1,278
2112274,2,81
2112308,1,307
2112407,2,146
2112456,0,259
2112506,2,542
2112605,1,299
2112704,2,661
2112803,2,519
2112852,1,184
2112902,1,227
2113009,2,375
2114007,1,471
2200053,1,60
2200103,2,88
2200202,1,220
2200251,0,36
2200277,1,59
2200301,1,96
2200400,0,558
2200459,1,69
2200509,1,201
2200608,1,86
2200707,2,113
2200806,1,52
2200905,2,58
2200954,0,34
2201002,2,44
2201051,1,111
2201101,1,116
2201150,1,268
2201176,2,62
2201200,2,622
2201309,1,36
2201408,2,55
2201507,1,199
2201556,0,44
2201572,1,36
2201606,2,142
2201705,1,61
2201739,1,102
2201770,0,45
2201804,1,22
2201903,1,219
2201919,1,48
2201929,2,79
2201945,1,86
2201960,2,117
2201988,2,56
2202000,0,274
2202026,0,84
2202059,0,96
2202075,1,15
2202083,2,125
2202091,2,38
2202109,2,30
2202117,0,32
2202133,2,94
2202174,0,81
2202208,1,434
2202251,2,42
2202307,0,249
2202406,2,103
2202455,1,37
2202505,0,105
2202539,1,81
2202554,1,65
2202604,2,194
2202653,2,60
2202703,1,301
2202711,2,67
2202729,1,79
2202737,0,77
2202752,0,66
2202778,1,85
2202802,1,60
2202851,0,49
2202901,1,284
2203008,0,101
2203107,0,61
2203206,2,144
2203230,1,61
2203255,2,62
2203271,0,74
2203305,2,134
2203354,1,89
2203404,1,66
2203420,1,48
2203453,2,43
2203503,1,79
2203602,1,42
2203701,2,423
2203750,1,34
2203800,0,56
2203859,1,21
2203909,2,533
2204006,2,60
2204105,1,61
2204154,2,32
2204204,0,76
2204303,2,115
2204352,0,60
2204402,1,121
2204501,1,117
2204550,2,42
2204600,1,51
2204659,0,145
2204709,2,172
2204808,0,115
2204907,1,120
2205003,2,119
2205102,0,55
2205151,0,86
2205201,0,124
2205250,2,24
2205276,2,41
2205300,1,38
2205359,1,39
2205409,0,151
2205458,1,45
2205508,2,462
2205516,2,42
2205524,2,75
2205532,0,56
2205540,1,35
2205557,1,102
2205565,2,84
2205573,0,78
2205581,2,52
2205599,2,31
2205607,0,51
2205706,1,388
2205805,1,167
2205854,0,96
2205904,0,69
2205953,0,177
2206001,2,71
2206050,1,55
2206100,0,149
2206209,0,386
2206308,0,30
2206357,1,16
2206407,0,102
2206506,0,98
2206605,0,107
2206654,1,34
2206670,2,96
2206696,0,75
2206704,0,80
2206720,1,163
2206753,1,23
2206803,0,130
2206902,0,72
2206951,2,42
2207009,2,355
2207108,1,24
2207207,0,49
2207306,1,54
2207355,1,35
2207405,0,24
2207504,0,143
2207553,0,22
2207603,1,122
2207702,0,1485
2207751,1,31
2207777,0,47
2207793,0,29
2207801,2,214
2207850,2,34
2207900,0,418
2207934,1,25
2207959,0,57
2208007,1,548
2208106,1,68
2208205,2,236
2208304,1,389
2208403,2,731
2208502,0,136
2208551,2,31
2208601,1,49
2208650,0,114
2208700,2,92
2208809,1,195
2208858,0,64
2208874,2,41
2208908,1,77
2209005,2,80
2209104,1,46
2209153,2,42
2209203,2,108
2209302,0,36
2209351,0,36
2209377,1,59
2209401,2,61
2209450,0,26
2209500,0,45
2209559,1,81
2209609,2,27
2209658,0,33
2209708,0,57
2209757,1,34
2209807,1,50
2209856,1,48
2209872,2,86
2209906,1,67
2209955,1,50
2209971,0,135
2210003,0,307
2210052,1,78
2210102,0,25
2210201,2,66
2210300,1,58
2210359,1,26
2210375,0,31
2210383,0,29
2210391,1,25
2210409,0,135
2210508,1,193
2210607,2,385
2210623,2,58
2210631,1,62
2210656,2,61
2210706,1,167
2210805,1,153
2210904,2,37
2210938,0,60
2210953,0,32
2210979,2,24
2211001,1,7346
2211100,0,552
2211209,1,316
2211308,1,137
2211357,1,48
2211407,2,40
2211506,0,33
2211605,1,25
2211704,1,31
2300101,0,106
2300150,1,205
2300200,1,891
2300309,0,454
2300408,2,145
2300507,2,130
2300606,1,107
2300705,1,169
2300754,2,679
2300804,2,77
2300903,2,152
2301000,1,1212
2301109,2,868
2301208,1,325
2301257,0,145
2301307,1,349
2301406,1,176
2301505,1,82
2301604,2,288
2301703,2,254
2301802,0,45
2301851,0,254
2301901,0,732
2301950,0,331
2302008,0,198
2302057,2,267
2302107,2,372
2302206,2,743
2302305,0,396
2302404,0,466
2302503,0,605
2302602,2,773
2302701,2,267
2302800,2,930
2302909,0,199
2303006,1,211
2303105,2,229
2303204,0,347
2303303,1,191
2303402,2,262
2303501,2,905
2303600,2,83
2303659,1,125
2303709,0,4170
2303808,2,204
2303907,1,180
2303931,0,179
2303956,1,301
2304004,1,233
2304103,2,853
2304202,1,1294
2304236,1,265
2304251,1,506
2304269,1,74
2304277,0,72
2304285,0,1112
2304301,0,255
2304350,0,235
2304400,2,18937
2304459,2,236
2304509,1,252
2304608,2,75
2304657,0,186
2304707,2,750
2304806,2,78
2304905,1,118
2304954,0,246
2305001,2,611
2305100,2,71
2305209,0,194
2305233,1,962
2305266,1,160
2305308,0,315
2305332,0,164
2305357,1,294
2305407,1,611
2305506,1,778
2305605,0,166
2305654,2,162
2305704,0,134
2305803,1,485
2305902,1,446
2306009,2,148
2306108,2,323
2306207,2,105
2306256,0,795
2306306,1,546
2306405,2,1536
2306504,1,205
2306553,0,515
2306603,0,258
2306702,1,207
2306801,1,126
2306900,0,384
2307007,2,323
2307106,2,378
2307205,0,114
2307254,0,453
2307304,1,2481
2307403,0,266
2307502,2,276
2307601,0,602
2307635,2,243
2307650,2,3150
2307700,0,1159
2307809,2,484
2307908,0,129
2308005,0,500
2308104,1,548
2308203,2,242
2308302,0,264
2308351,2,159
2308377,0,183
2308401,2,407
2308500,1,470
2308609,2,200
2308708,0,588
2308807,2,95
2308906,0,279
2309003,2,185
2309102,1,119
2309201,1,217
2309300,1,333
2309409,2,419
2309458,1,300
2309508,2,227
2309607,0,771
2309706,0,972
2309805,0,126
2309904,0,90
2310001,1,101
2310100,1,129
2310209,1,567
2310258,0,458
2310308,2,289
2310407,2,81
2310506,0,356
2310605,2,116
2310704,1,414
2310803,0,242
2310852,1,299
2310902,0,178
2310951,2,103
2311009,0,169
2311108,0,236
2311207,1,110
2311231,1,43
2311264,0,213
2311306,0,847
2311355,0,186
2311405,0,989
2311504,0,238
2311603,0,393
2311702,0,202
2311801,1,904
2311900,1,172
2311959,2,264
2312007,0,353
2312106,0,251
2312205,1,387
2312304,0,598
2312403,1,1010
2312502,1,48
2312601,2,115
2312700,1,211
2312809,2,104
2312908,2,2482
2313005,0,217
2313104,1,310
2313203,2,251
2313252,0,82
2313302,2,575
2313351,1,250
2313401,0,1068
2313500,0,875
2313559,2,167
2313609,1,466
2313708,1,67
2313757,1,261
2313807,1,276
2313906,1,216
2313955,1,236
2314003,2,453
2314102,2,912
2400109,0,101
2400208,0,363
2400307,0,81
2400406,0,39
2400505,0,106
2400604,1,33
2400703,0,173
2400802,0,107
2400901,2,40
2401008,2,209
2401107,1,178
2401206,0,137
2401305,0,85
2401404,2,54
2401453,1,186
2401503,2,22
2401602,2,45
2401651,2,20
2401701,0,86
2401800,2,95
2401859,1,81
2401909,1,53
2402006,2,360
2402105,1,65
2402204,2,326
2402303,2,148
2402402,2,84
2402501,1,102
2402600,0,716
2402709,0,92
2402808,2,64
2402907,0,38
2403004,1,79
2403103,1,266
2403202,0,59
2403251,2,1469
2403301,0,50
2403400,1,69
2403509,0,84
2403608,0,568
2403707,2,44
2403756,1,39
2403806,2,51
2403905,1,20
2404002,1,27
2404101,0,30
2404200,1,417
2404309,1,101
2404408,1,91
2404507,0,153
2404606,2,129
2404705,0,137
2404804,0,20
2404853,1,72
2404903,1,53
2405009,0,111
2405108,0,95
2405207,1,49
2405306,1,55
2405405,2,78
2405504,1,25
2405603,1,120
2405702,0,76
2405801,2,238
2405900,0,13
2406007,2,24
2406106,1,124
2406155,0,11
2406205,0,51
2406304,2,49
2406403,0,24
2406502,1,208
2406601,2,80
2406700,0,115
2406809,2,33
2406908,0,35
2407005,2,106
2407104,2,533
2407203,2,193
2407252,2,55
2407302,1,57
2407401,1,84
2407500,1,88
2407609,2,34
2407708,2,126
2407807,0,206
2407906,2,37
2408003,2,1772
2408102,2,4107
2408201,1,334
2408300,0,200
2408409,2,28
2408508,1,42
2408607,2,35
2408706,1,15
2408805,0,59
2408904,0,240
2408953,0,106
2409100,2,99
2409209,2,23
2409308,1,80
2409332,1,43
2409407,2,233
2409506,0,40
2409605,2,19
2409704,2,56
2409803,1,96
2409902,2,151
2410009,2,35
2410108,1,91
2410207,0,89
2410256,2,72
2410306,2,107
2410405,1,113
2410504,2,39
2410603,1,23
2410702,2,34
2410801,2,34
2410900,2,60
2411007,1,64
2411056,1,39
2411106,2,33
2411205,0,369
2411403,0,102
2411429,1,30
2411502,2,125
2411601,0,51
2411700,0,42
2411809,0,26
2411908,1,44
2412005,1,788
2412104,0,59
2412203,0,539
2412302,0,100
2412401,0,48
2412500,1,245
2412559,0,86
2412609,1,124
2412708,0,41
2412807,2,32
2412906,2,76
2413003,1,52
2413102,2,72
2413201,2,58
2413300,1,52
2413359,2,79
2413409,2,37
2413508,0,60
2413557,2,50
2413607,0,27
2413706,1,50
2413805,2,22
2413904,1,89
2414001,0,129
2414100,0,108
2414159,2,67
2414209,1,197
2414308,0,24
2414407,2,344
2414456,1,34
2414506,0,45
2414605,0,93
2414704,0,30
2414753,0,17
2414803,2,135
2414902,1,32
2415008,0,46
2500106,0,106
2500205,2,64
2500304,0,300
2500403,0,201
2500502,1,117
2500536,2,70
2500577,0,38
2500601,0,216
2500700,0,129
2500734,2,45
2500775,2,63
2500809,1,126
2500908,1,70
2501005,1,180
2501104,2,215
2501153,0,12
2501203,0,117
2501302,0,242
2501351,1,70
2501401,0,107
2501500,2,105
2501534,0,46
2501575,2,50
2501609,1,37
2501708,1,75
2501807,0,547
2501906,2,132
2502003,1,58
2502052,0,44
2502102,1,31
2502151,1,96
2502201,1,35
2502300,2,47
2502409,0,77
2502508,2,136
2502607,2,67
2502706,1,33
2502805,2,136
2502904,2,58
2503001,2,285
2503100,1,65
2503209,2,552
2503308,0,82
2503407,2,36
2503506,0,150
2503555,1,115
2503605,2,46
2503704,2,551
2503753,0,26
2503803,0,66
2503902,1,84
2504009,1,3044
2504033,2,71
2504074,1,43
2504108,2,26
2504157,1,76
2504207,0,51
2504306,0,217
2504355,2,68
2504405,1,171
2504504,2,51
2504603,1,430
2504702,1,30
2504801,1,106
2504850,2,16
2504900,0,182
2505006,2,94
2505105,2,185
2505204,2,98
2505238,1,30
2505279,2,14
2505303,0,21
2505352,2,53
2505402,0,88
2505501,2,46
2505600,0,48
2505709,1,98
2505808,2,37
2505907,0,36
2506004,2,268
2506103,1,64
2506202,2,23
2506251,2,65
2506301,0,449
2506400,2,116
2506509,0,42
2506608,2,46
2506707,2,94
2506806,1,155
2506905,0,144
2507002,1,140
2507101,2,174
2507200,1,99
2507309,1,121
2507408,1,30
2507507,1,5509
2507606,1,66
2507705,1,233
2507804,2,71
2507903,2,125
2508000,2,108
2508109,0,44
2508208,2,54
2508307,0,240
2508406,1,33
2508505,1,60
2508554,0,49
2508604,1,203
2508703,1,10
2508802,2,74
2508901,0,459
2509008,2,123
2509057,2,123
2509107,0,190
2509156,0,65
2509206,1,111
2509305,2,163
2509339,2,47
2509370,2,15
2509396,2,86
2509404,0,141
2509503,0,59
2509602,1,53
2509701,1,365
2509800,1,53
2509909,0,77
2510006,0,52
2510105,0,120
2510204,2,86
2510303,2,44
2510402,1,47
2510501,2,49
2510600,0,29
2510659,0,11
2510709,1,29
2510808,1,770
2510907,1,110
2511004,0,36
2511103,2,66
2511202,1,391
2511301,1,71
2511400,0,200
2511509,1,117
2511608,2,111
2511707,1,66
2511806,1,65
2511905,1,202
2512002,2,219
2512036,0,48
2512077,2,24
2512101,1,285
2512200,2,48
2512309,2,183
2512408,1,181
2512507,1,634
2512606,0,13
2512705,2,170
2512721,1,41
2512747,0,36
2512754,0,43
2512762,0,48
2512788,1,28
2512804,1,67
2512903,2,209
2513000,2,11
2513109,0,56
2513158,0,76
2513208,1,76
2513307,2,53
2513356,1,26
2513406,2,184
2513505,0,39
2513604,0,52
2513653,2,27
2513703,0,1014
2513802,2,32
2513851,0,28
2513901,2,284
2513927,1,56
2513943,2,44
2513968,0,18
2513984,0,46
2514008,2,42
2514107,0,49
2514206,1,102
2514305,1,55
2514404,0,39
2514453,2,53
2514503,2,165
2514552,1,17
2514602,1,27
2514651,1,20
2514701,2,35
2514800,1,35
2514909,2,84
2515005,1,42
2515104,1,86
2515203,1,41
2515302,0,377
2515401,1,112
2515500,0,122
2515609,2,23
2515708,1,32
2515807,0,47
2515906,1,41
2515930,2,57
2515971,1,61
2516003,0,217
2516102,2,143
2516151,2,38
2516201,1,590
2516300,0,134
2516409,0,41
2516508,2,191
2516607,2,104
2516706,2,154
2516755,1,29
2516805,1,67
2516904,2,117
2517001,0,113
2517100,0,25
2517209,1,57
2517407,0,34
2600054,2,779
2600104,1,418
2600203,0,208
2600302,1,203
2600401,2,199
2600500,1,499
2600609,1,146
2600708,2,318
2600807,1,102
2600906,0,172
2601003,1,93
2601052,1,242
2601102,2,1068
2601201,1,744
2601300,2,144
2601409,2,435
2601508,1,102
2601607,0,177
2601706,0,672
2601805,2,88
2601904,0,475
2602001,0,336
2602100,0,418
2602209,0,357
2602308,2,404
2602407,2,104
2602506,1,108
2602605,0,409
2602704,2,164
2602803,1,522
2602902,1,2211
2603009,1,295
2603108,1,216
2603207,0,376
2603306,1,61
2603405,0,71
2603454,2,1231
2603504,0,163
2603603,0,66
2603702,0,281
2603801,0,207
2603900,1,281
2603926,1,64
2604007,2,600
2604106,1,3330
2604155,0,88
2604205,1,277
2604304,0,125
2604403,2,166
2604502,2,282
2604601,1,254
2604700,2,163
2604809,0,104
2604908,0,79
2605004,2,328
2605103,2,347
2605152,1,153
2605202,0,456
2605301,2,322
2605400,0,211
2605459,2,41
2605509,0,94
2605608,2,162
2605707,0,252
2605806,2,100
2605905,1,183
2606002,0,1544
2606101,1,241
2606200,1,733
2606309,0,122
2606408,1,446
2606507,1,185
2606606,1,279
2606705,1,61
2606804,1,1142
2606903,0,97
2607000,0,272
2607109,2,56
2607208,1,1430
2607307,1,429
2607406,1,41
2607505,1,242
2607604,2,207
2607653,2,311
2607703,0,107
2607752,0,346
2607802,1,146
2607901,2,4898
2607950,1,79
2608008,2,177
2608057,0,79
2608107,1,187
2608206,0,114
2608255,0,175
2608305,1,206
2608404,1,148
2608453,1,127
2608503,0,127
2608602,0,86
2608701,2,90
2608750,0,327
2608800,1,483
2608909,1,399
2609006,0,236
2609105,0,129
2609154,2,189
2609204,2,102
2609303,2,205
2609402,1,457
2609501,2,236
2609600,0,2783
2609709,2,211
2609808,0,144
2609907,2,643
2610004,2,341
2610103,2,62
2610202,0,280
2610301,2,138
2610400,2,190
2610509,2,208
2610608,0,590
2610707,2,1843
2610806,0,156
2610905,1,548
2611002,2,414
2611101,1,4872
2611200,2,107
2611309,0,154
2611408,0,71
2611507,0,212
2611533,2,142
2611606,1,10162
2611705,1,164
2611804,1,239
2611903,2,233
2612000,2,75
2612109,1,50
2612208,2,756
2612307,0,148
2612406,2,181
2612455,0,138
2612471,0,98
2612505,2,1065
2612554,0,150
2612604,1,410
2612703,0,121
2612802,2,132
2612901,1,98
2613008,0,664
2613107,1,353
2613206,2,237
2613305,0,258
2613404,0,277
2613503,0,484
2613602,0,288
2613701,1,885
2613800,2,161
2613909,2,951
2614006,2,258
2614105,2,275
2614204,2,431
2614303,0,104
2614402,1,87
2614501,1,304
2614600,1,318
2614709,2,117
2614808,0,187
2614857,0,206
2615003,1,277
2615102,0,88
2615201,0,148
2615300,0,443
2615409,2,543
2615508,2,133
2615607,0,424
2615706,1,132
2615805,2,200
2615904,2,132
2616001,0,142
2616100,2,88
2616183,2,79
2616209,2,215
2616308,2,314
2616407,2,1014
2616506,0,163
2700102,2,195
2700201,0,140
2700300,2,2388
2700409,1,441
2700508,1,189
2700607,0,104
2700706,0,151
2700805,1,56
2700904,1,119
2701001,0,268
2701100,0,114
2701209,0,152
2701308,1,224
2701357,2,74
2701407,1,443
2701506,1,53
2701605,1,187
2701704,2,183
2701803,1,175
2701902,1,82
2702009,1,84
2702108,2,188
2702207,0,75
2702306,1,810
2702355,0,301
2702405,2,646
2702504,1,77
2702553,0,122
2702603,2,270
2702702,0,55
2702801,2,140
2702900,0,422
2703007,0,96
2703106,1,263
2703205,1,270
2703304,2,226
2703403,2,78
2703502,0,74
2703601,1,119
2703700,0,72
2703759,1,123
2703809,0,296
2703908,2,47
2704005,0,277
2704104,0,159
2704203,0,358
2704302,1,6364
2704401,2,229
2704500,1,405
2704609,2,106
2704708,0,845
2704807,1,119
2704906,1,39
2705002,1,135
2705101,2,297
2705200,1,229
2705309,0,71
2705408,0,114
2705507,2,389
2705606,1,122
2705705,0,248
2705804,0,127
2705903,2,26
2706000,1,202
2706109,2,102
2706208,0,56
2706307,0,673
2706406,2,279
2706422,2,129
2706448,1,195
2706505,2,196
2706604,2,83
2706703,1,658
2706802,2,218
2706901,0,552
2707008,1,31
2707107,2,313
2707206,1,259
2707305,2,290
2707404,0,135
2707503,2,160
2707602,2,206
2707701,1,1390
2707800,1,105
2707909,0,113
2708006,0,549
2708105,2,101
2708204,1,61
2708303,0,193
2708402,1,438
2708501,1,399
2708600,1,570
2708709,0,155
2708808,2,318
2708907,2,280
2708956,0,170
2709004,2,67
2709103,2,249
2709152,2,430
2709202,0,188
2709301,2,773
2709400,1,252
2800100,1,17
2800209,1,103
2800308,2,3910
2800407,1,116
2800506,0,203
2800605,1,305
2800670,0,184
2800704,0,77
2801009,1,126
2801108,0,22
2801207,0,432
2801306,2,364
2801405,2,179
2801504,1,165
2801603,2,36
2801702,1,194
2801900,2,34
2802007,0,61
2802106,0,533
2802205,2,71
2802304,1,125
2802403,0,103
2802502,0,20
2802601,1,50
2802700,2,108
2802809,2,180
2802908,1,641
2803005,1,503
2803104,2,31
2803203,2,325
2803302,2,159
2803401,0,165
2803500,2,784
2803609,0,203
2803708,2,47
2803807,2,60
2803906,1,126
2804003,2,173
2804102,0,95
2804201,1,162
2804300,2,40
2804409,0,224
2804458,1,42
2804508,2,452
2804607,1,239
2804706,0,47
2804805,2,1897
2804904,1,71
2805000,0,21
2805109,0,54
2805208,1,37
2805307,0,62
2805406,0,367
2805505,2,149
2805604,1,297
2805703,0,181
2805802,0,135
2805901,1,106
2806008,1,126
2806107,2,97
2806206,1,151
2806305,0,139
2806404,0,90
2806503,2,40
2806602,2,129
2806701,1,774
2806800,1,98
2806909,1,23
2807006,0,44
2807105,0,361
2807204,2,85
2807303,1,23
2807402,0,519
2807501,0,133
2807600,1,189
2900108,2,59
2900207,2,189
2900306,0,127
2900355,2,134
2900405,0,74
2900504,2,47
2900603,1,59
2900702,1,1065
2900801,2,253
2900900,2,60
2901007,2,262
2901106,1,141
2901155,0,224
2901205,1,159
2901304,0,134
2901353,1,103
2901403,1,141
2901502,0,97
2901601,0,83
2901700,0,66
2901809,2,65
2901908,2,247
2901957,2,70
2902005,0,111
2902054,0,103
2902104,2,365
2902203,1,104
2902252,0,72
2902302,0,93
2902401,2,107
2902500,2,152
2902609,1,143
2902658,1,135
2902708,1,534
2902807,2,249
2902906,2,453
2903003,0,116
2903102,1,52
2903201,1,2023
2903235,0,127
2903276,2,117
2903300,1,77
2903409,2,186
2903508,1,148
2903607,1,91
2903706,2,133
2903805,2,138
2903904,0,702
2903953,0,88
2904001,2,122
2904050,2,173
2904100,0,159
2904209,2,82
2904308,0,149
2904407,1,77
2904506,2,37
2904605,1,668
2904704,2,99
2904753,0,282
2904803,2,63
2904852,0,125
2904902,2,250
2905008,0,251
2905107,1,49
2905156,2,55
2905206,1,451
2905305,1,176
2905404,2,282
2905503,0,112
2905602,0,238
2905701,2,2617
2905800,0,243
2905909,1,187
2906006,1,589
2906105,1,69
2906204,2,352
2906303,0,299
2906402,2,57
2906501,0,575
2906600,2,122
2906709,0,208
2906808,2,348
2906824,2,164
2906857,1,78
2906873,0,258
2906899,0,110
2906907,1,223
2907004,0,117
2907103,2,294
2907202,0,665
2907301,2,237
2907400,1,27
2907509,2,283
2907558,2,47
2907608,0,89
2907707,2,120
2907806,1,155
2907905,2,177
2908002,1,136
2908101,2,182
2908200,0,198
2908309,1,67
2908408,2,503
2908507,1,321
2908606,2,192
2908705,1,152
2908804,1,40
2908903,2,139
2909000,1,56
2909109,1,152
2909208,0,112
2909307,1,348
2909406,1,120
2909505,2,26
2909604,0,123
2909703,0,146
2909802,1,437
2909901,2,430
2910008,1,100
2910057,1,626
2910107,2,140
2910206,1,37
2910305,0,38
2910404,0,170
2910503,1,261
2910602,2,309
2910701,0,441
2910727,2,1183
2910750,1,112
2910776,0,68
2910800,0,3913
2910859,0,164
2910909,2,59
2911006,2,65
2911105,0,261
2911204,1,237
2911253,1,32
2911303,2,74
2911402,1,82
2911501,1,82
2911600,2,131
2911659,2,69
2911709,1,843
2911808,2,140
2911857,2,101
2911907,2,278
2912004,0,76
2912103,0,120
2912202,1,292
2912301,1,130
2912400,1,146
2912509,2,125
2912608,0,45
2912707,1,211
2912806,1,109
2912905,0,194
2913002,2,59
2913101,1,92
2913200,1,356
2913309,1,63
2913408,1,139
2913457,0,72
2913507,1,166
2913606,1,1556
2913705,1,284
2913804,1,80
2913903,0,275
2914000,2,483
2914109,1,89
2914208,0,65
2914307,1,90
2914406,2,212
2914505,1,226
2914604,2,667
2914653,2,335
2914703,2,668
2914802,1,1232
2914901,1,249
2915007,2,109
2915106,0,86
2915205,2,238
2915304,2,102
2915353,1,109
2915403,2,79
2915502,1,113
2915601,2,688
2915700,0,43
2915809,1,258
2915908,1,83
2916005,0,192
2916104,2,192
2916203,1,89
2916302,1,81
2916401,0,628
2916500,0,288
2916609,0,60
2916708,2,73
2916807,0,161
2916856,0,218
2916906,0,68
2917003,0,272
2917102,2,157
2917201,2,213
2917300,0,172
2917334,0,97
2917359,2,111
2917409,1,103
2917508,2,645
2917607,1,573
2917706,2,270
2917805,2,148
2917904,0,84
2918001,0,921
2918100,1,215
2918209,1,83
2918308,0,99
2918357,2,266
2918407,2,2999
2918456,0,72
2918506,2,167
2918555,0,72
2918605,0,61
2918704,0,28
2918753,0,83
2918803,2,141
2918902,1,36
2919009,0,28
2919058,2,55
2919108,1,67
2919157,2,338
2919207,1,1508
2919306,1,132
2919405,0,113
2919504,0,404
2919553,2,1549
2919603,0,136
2919702,0,203
2919801,1,267
2919900,1,43
2919926,2,111
2919959,0,69
2920007,1,118
2920106,1,135
2920205,0,215
2920304,0,87
2920403,2,142
2920452,0,116
2920502,0,270
2920601,0,222
2920700,2,168
2920809,1,59
2920908,1,131
2921005,0,635
2921054,1,108
2921104,2,252
2921203,0,192
2921302,1,94
2921401,1,124
2921450,0,71
2921500,2,263
2921609,2,90
2921708,1,262
2921807,2,112
2921906,2,75
2922003,0,369
2922052,2,110
2922102,0,156
2922201,2,65
2922250,0,108
2922300,2,193
2922409,2,127
2922508,0,122
2922607,0,80
2922656,1,117
2922706,1,187
2922730,1,69
2922755,2,43
2922805,0,99
2922854,1,68
2922904,1,255
2923001,2,515
2923035,0,140
2923050,1,106
2923100,0,164
2923209,1,236
2923308,0,78
2923357,2,191
2923407,1,163
2923506,0,95
2923605,1,137
2923704,1,251
2923803,2,187
2923902,1,133
2924009,1,1041
2924058,0,111
2924108,0,38
2924207,0,102
2924306,2,280
2924405,1,408
2924504,0,148
2924603,1,208
2924652,2,47
2924678,0,70
2924702,0,59
2924801,2,148
2924900,2,69
2925006,2,168
2925105,2,447
2925204,0,313
2925253,0,221
2925303,1,2221
2925402,1,139
2925501,2,437
2925600,0,108
2925709,1,111
2925758,1,237
2925808,0,299
2925907,2,126
2925931,1,88
2925956,2,207
2926004,2,373
2926103,0,119
2926202,0,173
2926301,2,179
2926400,1,228
2926509,0,163
2926608,2,506
2926657,1,67
2926707,2,122
2926806,0,94
2926905,0,53
2927002,1,301
2927101,0,135
2927200,1,234
2927309,0,207
2927408,1,13546
2927507,2,77
2927606,1,182
2927705,2,443
2927804,2,53
2927903,1,104
2928000,0,244
2928059,1,108
2928109,0,326
2928208,2,222
2928307,1,33
2928406,1,282
2928505,2,82
2928604,0,392
2928703,1,538
2928802,2,467
2928901,2,471
2928950,1,41
2929008,2,84
2929057,2,170
2929107,2,172
2929206,2,398
2929255,2,172
2929305,1,289
2929354,0,70
2929370,0,72
2929404,0,58
2929503,2,257
2929602,2,105
2929701,0,91
2929750,0,67
2929800,2,83
2929909,1,438
2930006,1,86
2930105,0,438
2930154,2,340
2930204,0,406
2930303,1,155
2930402,1,94
2930501,2,532
2930600,0,111
2930709,0,1132
2930758,0,112
2930766,2,88
2930774,1,308
2930808,1,172
2930907,0,110
2931004,1,162
2931053,0,196
2931103,2,69
2931202,2,112
2931301,0,140
2931350,2,1370
2931400,1,56
2931509,0,215
2931608,0,147
2931707,2,97
2931806,0,93
2931905,2,249
2932002,1,205
2932101,0,119
2932200,0,173
2932309,0,118
2932408,0,87
2932457,0,155
2932507,2,163
2932606,1,135
2932705,0,210
2932804,2,135
2932903,2,581
2933000,0,114
2933059,1,102
2933109,1,51
2933158,2,145
2933174,0,83
2933208,1,421
2933257,0,64
2933307,2,3043
2933406,2,76
2933455,0,162
2933505,0,185
2933604,0,489
3100104,1,53
3100203,0,196
3100302,1,108
3100401,0,32
3100500,1,42
3100609,0,121
3100708,1,24
3100807,1,43
3100906,0,207
3101003,0,118
3101102,0,191
3101201,2,37
3101300,0,24
3101409,0,36
3101508,1,297
3101607,0,615
3101631,0,63
3101706,2,423
3101805,1,49
3101904,1,172
3102001,2,146
3102050,0,86
3102100,2,69
3102209,1,37
3102308,2,98
3102407,1,46
3102506,1,36
3102605,1,376
3102704,2,92
3102803,0,83
3102852,0,98
3102902,2,82
3103009,0,82
3103108,2,14
3103207,2,26
3103306,0,15
3103405,0,312
3103504,1,1063
3103603,0,16
3103702,2,60
3103751,2,117
3103801,1,19
3103900,2,96
3104007,0,1176
3104106,0,85
3104205,0,373
3104304,0,159
3104403,0,29
3104452,1,58
3104502,2,175
3104601,1,125
3104700,2,139
3104809,0,47
3104908,2,91
3105004,0,50
3105103,0,164
3105202,2,21
3105301,2,86
3105400,2,337
3105509,1,36
3105608,0,905
3105707,1,31
3105905,0,175
3106002,2,72
3106101,2,50
3106200,2,18045
3106309,1,299
3106408,1,74
3106507,0,55
3106606,1,45
3106655,1,56
3106705,1,4244
3106804,1,16
3106903,1,94
3107000,2,25
3107109,1,363
3107208,0,37
3107307,0,478
3107406,2,462
3107505,1,71
3107604,2,48
3107703,1,15
3107802,2,178
3107901,1,150
3108008,1,138
3108107,2,49
3108206,0,62
3108255,2,59
3108305,1,143
3108404,1,136
3108503,2,39
3108552,0,234
3108602,1,335
3108701,1,39
3108800,1,28
3108909,1,138
3109006,2,407
3109105,2,97
3109204,0,97
3109253,1,47
3109303,1,296
3109402,1,277
3109451,1,70
3109501,0,109
3109600,2,34
3109709,1,132
3109808,1,24
3109907,2,121
3110004,2,363
3110103,2,41
3110202,2,25
3110301,1,131
3110400,1,23
3110509,0,236
3110608,2,294
3110707,0,126
3110806,2,28
3110905,1,151
3111002,0,171
3111101,0,131
3111150,2,29
3111200,1,436
3111309,0,99
3111408,2,138
3111507,0,119
3111606,1,248
3111705,1,41
3111804,2,97
3111903,2,52
3112000,1,94
3112059,1,43
3112109,1,61
3112208,0,34
3112307,0,473
3112406,1,93
3112604,1,147
3112653,1,37
3112703,0,145
3112802,1,105
3112901,1,104
3113008,2,163
3113107,1,10
3113206,1,201
3113305,1,258
3113404,0,933
3113503,2,80
3113602,1,79
3113701,2,202
3113800,2,20
3113909,1,131
3114006,2,83
3114105,1,143
3114204,2,222
3114303,0,317
3114402,2,155
3114501,1,219
3114550,1,97
3114600,1,33
3114709,0,35
3114808,1,41
3114907,0,16
3115003,0,30
3115102,2,155
3115201,0,32
3115300,0,428
3115359,0,36
3115409,1,22
3115458,2,103
3115474,2,52
3115508,1,173
3115607,0,17
3115706,1,69
3115805,0,108
3115904,2,30
3116001,0,54
3116100,2,74
3116159,0,175
3116209,2,48
3116308,2,71
3116407,2,61
3116506,1,78
3116605,2,365
3116704,0,80
3116803,0,73
3116902,2,39
3117009,0,32
3117108,1,122
3117207,1,31
3117306,2,313
3117405,0,10
3117504,2,260
3117603,0,62
3117702,0,154
3117801,0,95
3117836,2,50
3117876,2,77
3117900,0,127
3118007,1,597
3118106,2,38
3118205,2,57
3118304,2,1363
3118403,0,219
3118502,2,16
3118601,0,4963
3118700,2,85
3118809,0,219
3118908,0,75
3119005,0,39
3119104,2,221
3119203,2,48
3119302,0,304
3119401,1,808
3119500,1,84
3119609,1,24
3119708,0,44
3119807,1,32
3119906,0,37
3119955,2,68
3120003,1,34
3120102,1,43
3120151,2,56
3120201,2,114
3120300,1,54
3120409,2,41
3120508,1,73
3120607,0,55
3120706,1,74
3120805,0,146
3120839,0,44
3120870,1,108
3120904,1,863
3121001,1,90
3121100,0,69
3121209,2,81
3121258,2,111
3121308,1,40
3121407,0,58
3121506,2,22
3121605,1,532
3121704,0,23
3121803,1,54
3121902,1,45
3122009,2,195
3122108,0,34
3122207,0,62
3122306,0,1622
3122355,0,101
3122405,2,73
3122454,0,94
3122470,1,50
3122504,1,56
3122603,2,31
3122702,0,53
3122801,0,34
3122900,0,62
3123007,0,85
3123106,1,47
3123205,0,97
3123304,1,45
3123403,0,13
3123502,2,15
3123528,0,70
3123601,2,227
3123700,2,91
3123809,1,50
3123858,1,78
3123908,2,135
3124005,2,148
3124104,2,992
3124203,2,265
3124302,0,308
3124401,1,87
3124500,0,105
3124609,1,24
3124708,1,17
3124807,2,75
3124906,1,81
3125002,2,54
3125101,0,694
3125200,2,22
3125309,0,27
3125408,2,56
3125507,2,35
3125606,2,89
3125705,1,120
3125804,2,30
3125903,0,79
3125952,2,102
3126000,2,80
3126109,0,506
3126208,2,119
3126307,2,17
3126406,1,29
3126505,2,24
3126604,0,54
3126703,0,173
3126752,1,45
3126802,0,66
3126901,0,84
3126950,2,16
3127008,0,180
3127057,0,35
3127073,2,58
3127107,2,602
3127206,1,56
3127305,1,68
3127339,2,45
3127354,1,14
3127370,0,20
3127388,0,32
3127404,1,51
3127503,2,60
3127602,1,115
3127701,1,2289
3127800,1,111
3127909,2,12
3128006,2,308
3128105,0,155
3128204,0,63
3128253,1,58
3128303,0,185
3128402,1,74
3128501,2,32
3128600,1,75
3128709,1,452
3128808,1,51
3128907,0,96
3129004,1,58
3129103,1,51
3129202,2,61
3129301,2,110
3129400,2,54
3129509,2,198
3129608,2,70
3129657,1,72
3129707,1,149
3129806,0,1722
3129905,2,36
3130002,2,32
3130051,1,85
3130101,1,502
3130200,0,101
3130309,2,63
3130408,0,71
3130507,1,123
3130556,1,60
3130606,1,59
3130655,0,58
3130705,1,65
3130804,1,21
3130903,2,121
3131000,1,54
3131109,2,59
3131158,2,198
3131208,1,230
3131307,0,2184
3131406,2,38
3131505,0,66
3131604,1,31
3131703,1,1098
3131802,1,89
3131901,1,621
3132008,0,28
3132107,2,174
3132206,0,166
3132305,0,101
3132404,1,692
3132503,1,360
3132602,0,27
3132701,0,227
3132800,0,18
3132909,1,139
3133006,1,86
3133105,1,117
3133204,1,97
3133303,2,216
3133402,0,105
3133501,0,155
3133600,2,182
3133709,1,156
3133758,1,125
3133808,1,721
3133907,1,28
3134004,2,158
3134103,1,61
3134202,0,931
3134301,0,67
3134400,1,374
3134509,2,36
3134608,0,222
3134707,1,133
3134806,1,88
3134905,2,239
3135001,2,27
3135050,1,532
3135076,2,36
3135100,2,766
3135209,2,740
3135308,2,52
3135357,1,99
3135407,2,59
3135456,0,50
3135506,2,134
3135605,2,60
3135704,1,54
3135803,0,189
3135902,0,70
3136009,0,135
3136108,1,18
3136207,1,700
3136306,1,526
3136405,0,42
3136504,1,93
3136520,0,42
3136553,2,55
3136579,1,29
3136603,1,79
3136652,1,359
3136702,2,3564
3136801,0,28
3136900,2,150
3136959,1,48
3137007,2,93
3137106,2,46
3137205,0,534
3137304,2,44
3137403,2,103
3137502,1,210
3137536,2,120
3137601,0,614
3137700,0,190
3137809,1,189
3137908,2,36
3138005,0,48
3138104,1,63
3138203,2,847
3138302,0,26
3138351,2,34
3138401,2,388
3138500,1,51
3138609,1,145
3138625,1,111
3138658,2,109
3138674,1,61
3138682,2,62
3138708,0,66
3138807,0,158
3138906,1,83
3139003,2,294
3139102,1,44
3139201,0,197
3139250,0,55
3139300,1,175
3139409,2,898
3139508,1,210
3139607,2,227
3139706,0,61
3139805,1,137
3139904,0,103
3140001,0,681
3140100,0,48
3140159,2,172
3140209,2,41
3140308,0,34
3140407,0,33
3140506,1,135
3140530,1,90
3140555,0,88
3140605,1,47
3140704,0,437
3140803,1,104
3140852,0,120
3140902,0,239
3141009,2,136
3141108,0,402
3141207,0,23
3141306,1,36
3141405,2,180
3141504,1,40
3141603,1,68
3141702,0,31
3141801,2,297
3141900,0,39
3142007,1,85
3142106,0,47
3142205,2,77
3142254,0,39
3142304,0,80
3142403,0,85
3142601,2,93
3142700,0,147
3142809,1,143
3142908,1,192
3143005,2,26
3143104,1,456
3143153,0,41
3143203,0,176
3143302,0,3784
3143401,1,202
3143450,2,69
3143500,1,107
3143609,0,31
3143708,0,35
3143807,0,86
3143906,0,1039
3144003,2,276
3144102,0,156
3144201,2,25
3144300,0,374
3144359,1,81
3144375,0,41
3144409,0,35
3144508,1,57
3144607,0,233
3144656,0,89
3144672,2,24
3144706,2,152
3144805,1,857
3144904,1,36
3145000,0,222
3145059,2,45
3145109,1,190
3145208,2,1459
3145307,1,222
3145356,1,107
3145372,1,41
3145455,1,49
3145505,0,26
3145604,0,349
3145703,2,14
3145802,0,21
3145851,1,53
3145877,0,98
3145901,2,370
3146008,1,231
3146107,0,589
3146206,1,83
3146255,0,64
3146305,2,194
3146404,2,36
3146503,0,79
3146552,2,59
3146602,1,10
3146701,2,39
3146750,2,61
3146909,1,153
3147006,1,1013
3147105,1,910
3147204,1,194
3147303,1,172
3147402,1,253
3147501,0,17
3147600,1,140
3147709,1,62
3147808,2,18
3147907,1,1024
3147956,2,46
3148004,2,1287
3148103,2,1038
3148202,2,54
3148301,2,54
3148400,2,55
3148509,2,75
3148608,2,137
3148707,0,262
3148756,1,63
3148806,2,26
3148905,1,28
3149002,1,32
3149101,0,56
3149150,0,85
3149200,1,45
3149309,2,632
3149408,0,15
3149507,2,44
3149606,1,55
3149705,2,170
3149804,1,236
3149903,0,198
3149952,0,86
3150000,0,44
3150109,1,24
3150158,2,102
3150208,2,49
3150307,0,25
3150406,1,46
3150505,0,64
3150539,1,69
3150570,2,101
3150604,2,50
3150703,2,71
3150802,2,94
3150901,1,48
3151008,0,101
3151107,2,85
3151206,2,602
3151305,2,135
3151404,1,217
3151503,2,268
3151602,2,160
3151701,1,115
3151800,0,1261
3151909,1,52
3152006,0,389
3152105,0,451
3152131,0,58
3152170,1,99
3152204,1,374
3152303,2,67
3152402,0,142
3152501,2,1329
3152600,2,52
3152709,0,82
3152808,1,355
3152907,0,83
3153004,0,55
3153103,0,41
3153202,1,20
3153301,1,35
3153400,0,156
3153509,0,79
3153608,2,110
3153707,0,33
3153806,2,13
3153905,1,134
3154002,0,200
3154101,1,66
3154150,0,63
3154200,1,105
3154309,0,119
3154408,0,50
3154457,0,67
3154507,1,60
3154606,2,3312
3154705,1,37
3154804,2,97
3154903,0,120
3155009,1,33
3155108,2,53
3155207,0,36
3155306,1,38
3155405,0,89
3155504,1,149
3155603,2,316
3155702,0,133
3155801,2,154
3155900,0,25
3156007,0,80
3156106,1,36
3156205,2,30
3156304,2,102
3156403,0,28
3156452,2,52
3156502,0,47
3156601,1,85
3156700,1,1185
3156809,2,124
3156908,2,304
3157005,2,374
3157104,1,72
3157203,0,343
3157252,2,36
3157278,2,37
3157302,2,48
3157336,1,65
3157377,2,42
3157401,2,24
3157500,1,45
3157609,0,33
3157658,2,48
3157708,2,222
3157807,2,2459
3157906,1,150
3158003,2,103
3158102,2,36
3158201,2,104
3158300,2,78
3158409,0,22
3158508,1,58
3158607,2,45
3158706,1,32
3158805,0,39
3158904,1,101
3158953,0,340
3159001,0,63
3159100,1,23
3159209,2,61
3159308,1,38
3159357,2,77
3159407,2,26
3159506,0,58
3159605,0,400
3159704,1,39
3159803,0,221
3159902,0,187
3160009,0,20
3160108,2,48
3160207,1,33
3160306,1,79
3160405,0,252
3160454,2,74
3160504,1,15
3160603,0,17
3160702,1,333
3160801,1,74
3160900,2,67
3160959,2,75
3161007,2,146
3161056,0,44
3161106,0,700
3161205,1,59
3161304,1,54
3161403,2,43
3161502,2,81
3161601,1,23
3161650,0,31
3161700,1,57
3161809,1,128
3161908,1,148
3162005,0,249
3162104,0,479
3162203,1,76
3162252,0,50
3162302,1,35
3162401,2,202
3162450,1,75
3162500,1,682
3162559,2,150
3162575,0,67
3162609,0,80
3162658,0,30
3162708,1,221
3162807,2,123
3162906,1,213
3162922,2,379
3162948,2,98
3162955,0,299
3163003,2,38
3163102,1,50
3163201,2,44
3163300,1,40
3163508,2,67
3163607,1,26
3163706,2,444
3163805,2,48
3163904,1,35
3164001,2,45
3164100,2,47
3164209,2,95
3164308,1,52
3164407,0,81
3164431,2,24
3164472,1,82
3164506,1,48
3164605,2,120
3164704,1,733
3164803,2,12
3164902,0,19
3165008,0,120
3165107,2,58
3165206,1,59
3165305,1,66
3165404,0,70
3165503,0,46
3165537,1,483
3165552,1,113
3165560,0,17
3165578,1,123
3165602,1,19
3165701,1,99
3165800,1,14
3165909,0,26
3166006,1,58
3166105,2,39
3166204,0,68
3166303,0,68
3166402,0,25
3166501,0,25
3166709,2,68
3166808,1,173
3166907,0,80
3166956,0,41
3167004,1,13
3167103,1,164
3167202,1,1685
3167301,2,24
3167400,0,59
3167509,2,21
3167608,1,186
3167707,2,39
3167806,0,55
3167905,1,51
3168002,2,400
3168051,0,34
3168101,2,61
3168200,1,17
3168309,1,52
3168408,1,100
3168507,0,95
3168606,2,1276
3168705,2,663
3168804,2,61
3168903,0,69
3169000,1,160
3169059,0,37
3169109,1,102
3169208,1,80
3169307,2,574
3169356,0,300
3169406,0,487
3169505,0,69
3169604,2,242
3169703,2,207
3169802,0,60
3169901,0,912
3170008,0,109
3170057,0,159
3170107,2,3168
3170206,1,6578
3170305,2,40
3170404,2,860
3170438,1,44
3170479,2,55
3170503,1,86
3170529,0,112
3170578,0,62
3170602,2,17
3170651,1,68
3170701,2,931
3170750,2,121
3170800,1,328
3170909,0,160
3171006,1,185
3171030,0,67
3171071,2,53
3171105,0,26
3171154,1,60
3171204,1,1537
3171303,2,526
3171402,1,35
3171501,2,31
3171600,0,116
3171709,0,57
3171808,1,133
3171907,2,44
3172004,1,358
3172103,1,37
3172202,0,27
3200102,1,347
3200136,0,143
3200169,1,143
3200201,2,283
3200300,0,121
3200359,0,94
3200409,2,413
3200508,1,71
3200607,0,1190
3200706,0,132
3200805,0,304
3200904,2,503
3201001,2,234
3201100,1,98
3201159,1,166
3201209,0,2009
3201308,0,4688
3201407,0,360
3201506,2,1184
3201605,2,419
3201704,1,157
3201803,0,67
3201902,1,416
3202009,2,91
3202108,0,231
3202207,1,222
3202256,0,120
3202306,2,359
3202405,2,1606
3202454,1,343
3202504,2,142
3202553,1,149
3202603,2,119
3202652,0,174
3202702,1,115
3202801,0,567
3202900,1,106
3203007,2,403
3203056,0,430
3203106,2,164
3203130,1,146
3203163,2,71
3203205,2,2106
3203304,0,153
3203320,2,597
3203346,0,237
3203353,1,142
3203403,2,270
3203502,2,215
3203601,1,76
3203700,1,272
3203809,0,133
3203908,1,555
3204005,0,187
3204054,1,339
3204104,2,299
3204203,0,358
3204252,1,84
3204302,1,200
3204351,2,244
3204401,0,102
3204500,2,112
3204559,1,452
3204609,2,188
3204658,2,105
3204708,2,366
3204807,0,136
3204906,0,1440
3204955,2,128
3205002,0,6632
3205010,2,428
3205036,1,243
3205069,2,255
3205101,2,1133
3205150,1,76
3205176,1,191
3205200,2,4245
3205309,2,2829
3300100,0,1820
3300159,2,100
3300209,0,1320
3300225,2,131
3300233,1,661
3300258,2,337
3300308,1,790
3300407,0,1591
3300456,1,3810
3300506,1,279
3300605,1,288
3300704,0,2221
3300803,2,551
3300902,2,115
3300936,0,156
3300951,1,107
3301009,0,3891
3301108,0,205
3301157,2,158
3301207,1,145
3301306,2,523
3301405,1,207
3301504,1,168
3301603,2,153
3301702,2,6764
3301801,1,120
3301850,0,578
3301876,0,331
3301900,0,2591
3302007,1,1482
3302056,2,120
3302106,2,186
3302205,0,685
3302254,2,402
3302270,2,1101
3302304,2,86
3302403,1,2906
3302452,0,99
3302502,0,2833
3302601,2,508
3302700,1,1635
3302809,2,169
3302858,1,1202
3302908,0,242
3303005,1,232
3303104,2,129
3303203,1,851
3303302,1,2453
3303401,2,1713
3303500,0,6225
3303609,2,387
3303708,1,352
3303807,2,417
3303856,0,278
3303906,0,2402
3303955,0,293
3304003,0,227
3304102,1,105
3304110,1,262
3304128,1,125
3304144,0,1283
3304151,0,327
3304201,2,1056
3304300,1,580
3304409,0,168
3304508,2,114
3304524,1,1722
3304557,0,44858
3304607,0,82
3304706,0,318
3304755,0,497
3304805,0,286
3304904,2,4339
3305000,1,555
3305109,0,2668
3305133,2,83
3305158,1,237
3305208,1,1056
3305307,2,76
3305406,1,177
3305505,2,1194
3305554,1,991
3305604,0,278
3305703,2,145
3305752,0,438
3305802,0,1515
3305901,0,61
3306008,1,714
3306107,0,755
3306156,0,59
3306206,0,375
3306305,2,2710
4100103,1,80
4100202,0,75
4100301,1,153
4100400,0,1215
4100459,2,50
4100509,0,166
4100608,2,178
4100707,2,99
4100806,1,100
4100905,0,49
4101002,2,231
4101051,0,30
4101101,0,225
4101150,1,59
4101200,1,222
4101309,2,85
4101408,0,1309
4101507,0,1223
4101606,0,354
4101655,1,36
4101705,2,185
4101804,0,1807
4101853,1,24
4101903,0,166
4102000,1,378
4102109,2,266
4102208,0,43
4102307,1,226
4102406,2,303
4102505,2,81
4102604,2,130
4102703,2,27
4102752,1,49
4102802,0,167
4102901,2,199
4103008,1,48
4103024,0,36
4103040,0,65
4103057,0,115
4103107,2,211
4103156,2,65
4103206,1,101
4103222,0,50
4103305,1,77
4103354,0,52
4103370,1,48
4103404,2,36
4103453,0,254
4103479,0,36
4103503,0,124
4103602,2,278
4103701,2,1069
4103800,1,138
4103909,1,225
4103958,2,48
4104006,2,698
4104055,2,47
4104105,1,105
4104204,2,1666
4104253,0,320
4104303,0,1007
4104402,0,135
4104428,1,213
4104451,0,199
4104501,1,236
4104600,1,200
4104659,0,257
4104709,0,176
4104808,0,3056
4104907,2,1010
4105003,1,108
4105102,2,108
4105201,2,166
4105300,2,133
4105409,2,197
4105508,2,983
4105607,2,155
4105706,2,206
4105805,0,2909
4105904,2,248
4106001,0,79
4106100,0,52
4106209,0,277
4106308,2,210
4106407,1,405
4106456,2,86
4106506,2,277
4106555,2,41
4106571,2,66
4106605,1,255
4106704,1,39
4106803,0,190
4106852,0,42
4106902,2,12720
4107009,1,182
4107108,2,61
4107124,2,31
4107157,0,59
4107207,2,536
4107256,1,109
4107306,1,71
4107405,0,84
4107504,1,119
4107520,2,19
4107538,0,82
4107546,0,50
4107553,1,36
4107603,0,174
4107652,1,1899
4107702,0,42
4107736,2,88
4107751,0,91
4107801,1,50
4107850,2,73
4107900,0,147
4108007,0,102
4108106,1,29
4108205,1,69
4108304,0,3230
4108320,0,92
4108403,0,1066
4108452,0,71
4108502,1,140
4108551,2,20
4108601,2,321
4108650,2,81
4108700,1,79
4108809,0,404
4108908,2,89
4108957,0,105
4109005,1,83
4109104,2,32
4109203,0,61
4109302,0,189
4109401,0,2475
4109500,1,48
4109609,0,653
4109658,2,85
4109708,0,294
4109757,1,65
4109807,0,608
4109906,0,91
4110003,2,64
4110052,0,16
4110078,1,179
4110102,2,394
4110201,1,120
4110300,1,27
4110409,0,79
4110508,0,161
4110607,1,116
4110656,2,18
4110706,0,714
4110805,0,120
4110904,0,61
4110953,0,157
4111001,2,43
4111100,0,48
4111209,2,175
4111258,2,471
4111308,2,35
4111407,1,164
4111506,0,229
4111555,2,89
4111605,2,28
4111704,2,55
4111803,0,402
4111902,1,208
4112009,2,446
4112108,1,186
4112207,0,52
4112306,1,57
4112405,1,97
4112504,0,109
4112603,0,18
4112702,1,153
4112751,2,57
4112801,0,170
4112900,2,43
4112959,1,60
4113007,1,94
4113106,1,77
4113205,2,590
4113254,2,69
4113304,1,487
4113403,2,36
4113429,0,27
4113452,0,60
4113502,0,296
4113601,0,47
4113700,2,5015
4113734,1,69
4113759,0,57
4113809,1,26
4113908,1,151
4114005,2,101
4114104,1,324
4114203,1,430
4114302,1,339
4114351,0,22
4114401,2,240
4114500,0,141
4114609,1,666
4114708,0,61
4114807,2,487
4114906,0,98
4115002,0,103
4115101,2,148
4115200,1,3567
4115309,0,82
4115358,2,98
4115408,2,199
4115457,0,46
4115507,2,56
4115606,1,223
4115705,0,502
4115739,0,37
4115754,2,159
4115804,2,671
4115853,0,80
4115903,2,29
4116000,1,38
4116059,1,137
4116109,2,118
4116208,1,192
4116307,0,45
4116406,0,48
4116505,1,21
4116604,2,37
4116703,2,114
4116802,1,86
4116901,1,238
4116950,0,70
4117008,0,78
4117057,1,74
4117107,1,175
4117206,2,58
4117214,0,41
4117222,2,130
4117255,2,134
4117271,1,55
4117297,0,35
4117305,1,286
4117404,2,42
4117453,2,90
4117503,0,667
4117602,2,710
4117701,1,408
4117800,2,132
4117909,0,380
4118006,2,148
4118105,1,127
4118204,1,1351
4118303,1,39
4118402,2,897
4118451,2,80
4118501,0,1001
4118600,1,77
4118709,0,85
4118808,2,172
4118857,0,92
4118907,2,147
4119004,1,56
4119103,2,186
4119152,1,1334
4119202,1,71
4119251,0,33
4119301,0,445
4119400,1,288
4119509,2,1163
4119608,1,416
4119657,1,33
4119707,1,72
4119806,1,135
4119905,0,2625
4119954,2,391
4120002,2,88
4120101,2,58
4120150,2,31
4120200,2,46
4120309,0,50
4120333,2,74
4120358,2,77
4120408,0,46
4120507,2,79
4120606,0,546
4120655,0,54
4120705,1,92
4120804,0,283
4120853,0,61
4120903,1,421
4121000,0,163
4121109,0,64
4121208,0,231
4121257,0,59
4121307,2,34
4121356,0,37
4121406,0,208
4121505,0,222
4121604,0,71
4121703,2,312
4121752,2,128
4121802,1,145
4121901,0,147
4122008,0,150
4122107,2,27
4122156,2,209
4122172,0,52
4122206,2,456
4122305,2,415
4122404,1,897
4122503,2,113
4122602,1,99
4122651,0,49
4122701,1,119
4122800,0,58
4122909,0,53
4123006,2,180
4123105,0,36
4123204,2,38
4123303,0,101
4123402,2,126
4123501,1,366
4123600,2,24
4123709,0,98
4123808,2,126
4123824,2,33
4123857,2,98
4123907,0,96
4123956,2,48
4124004,0,69
4124020,1,183
4124053,2,254
4124103,1,606
4124202,2,35
4124301,0,17
4124400,1,243
4124509,1,87
4124608,0,101
4124707,1,88
4124806,2,144
4124905,2,89
4125001,0,76
4125100,1,128
4125209,2,104
4125308,2,46
4125357,1,71
4125407,1,66
4125456,0,53
4125506,2,3014
4125555,2,23
4125605,0,436
4125704,0,345
4125753,2,70
4125803,0,90
4125902,0,43
4126009,0,77
4126108,2,79
4126207,2,74
4126256,0,1498
4126272,0,100
4126306,0,219
4126355,0,58
4126405,1,43
4126504,2,134
4126603,2,299
4126652,2,31
4126678,2,115
4126702,0,52
4126801,1,194
4126900,2,39
4127007,0,138
4127106,0,904
4127205,1,206
4127304,1,168
4127403,0,227
4127502,2,274
4127601,1,265
4127700,2,1570
4127809,1,60
4127858,2,131
4127882,2,100
4127908,2,127
4127957,0,74
4127965,1,244
4128005,0,261
4128104,1,1038
4128203,0,596
4128302,1,26
4128401,2,104
4128500,2,237
4128534,1,121
4128559,1,67
4128609,0,81
4128633,1,47
4128658,0,71
4128708,1,114
4128807,2,85
4200051,2,25
4200101,2,236
4200200,0,145
4200309,2,54
4200408,2,94
4200507,2,78
4200556,2,50
4200606,0,90
4200705,0,126
4200754,1,16
4200804,2,56
4200903,0,39
4201000,2,80
4201109,2,26
4201208,0,178
4201257,0,124
4201273,0,55
4201307,0,745
4201406,1,663
4201505,0,118
4201604,0,32
4201653,1,33
4201703,0,117
4201802,0,31
4201901,1,84
4201950,1,163
4202008,1,1055
4202057,2,166
4202073,2,164
4202081,1,39
4202099,2,10
4202107,2,606
4202131,1,67
4202156,2,32
4202206,2,112
4202305,1,761
4202404,0,3362
4202438,2,54
4202453,0,352
4202503,0,54
4202537,1,51
4202578,2,31
4202602,2,90
4202701,1,83
4202800,0,424
4202859,2,58
4202875,2,26
4202909,0,1456
4203006,0,852
4203105,0,67
4203154,1,75
4203204,1,1235
4203253,2,30
4203303,1,158
4203402,0,58
4203501,0,124
4203600,1,392
4203709,0,133
4203808,1,679
4203907,2,259
4203956,1,251
4204004,1,134
4204103,1,65
4204152,1,39
4204178,1,47
4204194,2,49
4204202,1,2804
4204251,0,172
4204301,1,931
4204350,2,55
4204400,0,104
4204459,0,19
4204509,2,207
4204558,0,186
4204608,1,2122
4204707,2,136
4204756,0,26
4204806,0,485
4204905,2,73
4205001,0,147
4205100,2,58
4205159,1,29
4205175,2,40
4205191,0,35
4205209,0,46
4205308,1,145
4205357,0,23
4205407,2,2907
4205431,2,29
4205456,1,412
4205506,2,483
4205555,0,35
4205605,1,37
4205704,2,332
4205803,2,230
4205902,2,836
4206009,2,189
4206108,1,96
4206207,0,107
4206306,1,270
4206405,2,121
4206504,0,659
4206603,0,60
4206652,2,121
4206702,2,220
4206751,2,28
4206801,1,41
4206900,2,224
4207007,0,739
4207106,0,278
4207205,1,44
4207304,1,432
4207403,1,97
4207502,2,868
4207577,2,40
4207601,2,45
4207650,0,91
4207684,2,57
4207700,1,81
4207759,1,32
4207809,1,110
4207858,0,14
4207908,2,126
4208005,0,94
4208104,1,288
4208203,1,2950
4208302,1,977
4208401,1,209
4208450,2,363
4208500,1,349
4208609,0,53
4208708,1,91
4208807,0,306
4208906,2,1986
4208955,1,20
4209003,1,270
4209102,2,6500
4209151,0,74
4209177,2,21
4209201,1,22
4209300,2,1666
4209409,1,345
4209458,0,14
4209508,1,80
4209607,1,164
4209706,2,198
4209805,2,20
4209854,2,67
4209904,0,172
4210001,1,213
4210035,0,94
4210050,2,15
4210100,1,620
4210209,1,35
4210308,0,88
4210407,1,97
4210506,1,371
4210555,2,18
4210605,1,227
4210704,1,30
4210803,2,86
4210852,1,28
4210902,0,41
4211009,1,126
4211058,2,120
4211108,0,94
4211207,1,247
4211256,0,32
4211306,0,1287
4211405,0,65
4211454,2,56
4211504,1,157
4211603,0,179
4211652,0,24
4211702,2,247
4211751,2,227
4211801,0,69
4211850,0,22
4211876,1,31
4211892,0,39
4211900,2,2170
4212007,2,99
4212056,0,38
4212106,0,164
4212205,2,219
4212239,0,48
4212254,1,147
4212270,2,66
4212304,0,126
4212403,1,54
4212502,0,470
4212601,2,20
4212650,0,105
4212700,2,53
4212809,0,351
4212908,0,267
4213005,0,51
4213104,1,53
4213153,1,34
4213203,0,335
4213302,0,64
4213351,1,53
4213401,0,138
4213500,2,336
4213609,0,284
4213708,1,248
4213807,0,93
4213906,1,17
4214003,0,264
4214102,2,21
4214151,1,44
4214201,1,114
4214300,2,31
4214409,2,77
4214508,0,86
4214607,1,101
4214706,1,118
4214805,2,499
4214904,1,65
4215000,1,472
4215059,0,31
4215075,0,61
4215109,2,139
4215208,1,44
4215307,0,98
4215356,1,67
4215406,0,69
4215455,2,147
4215505,0,238
4215554,2,29
4215604,1,27
4215653,0,123
4215679,2,100
4215687,2,31
4215695,1,19
4215703,2,353
4215752,1,41
4215802,1,938
4215901,2,20
4216008,1,114
4216057,2,83
4216107,2,96
4216206,2,570
4216255,1,73
4216305,2,393
4216354,1,75
4216404,1,85
4216503,2,279
4216602,0,2253
4216701,2,160
4216800,0,54
4216909,2,299
4217006,1,195
4217105,1,44
4217154,1,16
4217204,0,456
4217253,2,66
4217303,2,127
4217402,2,271
4217501,1,221
4217550,1,40
4217600,1,129
4217709,0,365
4217758,0,42
4217808,2,114
4217907,0,107
4217956,0,36
4218004,2,559
4218103,0,65
4218202,0,487
4218251,1,115
4218301,0,262
4218350,0,47
4218400,2,98
4218509,0,146
4218608,2,103
4218707,0,936
4218756,0,45
4218806,2,127
4218855,2,36
4218905,2,109
4218954,0,40
4219002,1,184
4219101,1,45
4219150,2,26
4219176,2,66
4219200,2,53
4219309,1,644
4219358,1,48
4219408,2,56
4219507,0,529
4219606,2,34
4219705,2,409
4219853,1,69
4220000,2,209
4300034,2,45
4300059,2,44
4300109,2,141
4300208,0,47
4300307,0,41
4300406,2,658
4300455,0,23
4300505,1,56
4300554,2,13
4300570,1,26
4300604,2,2214
4300638,2,39
4300646,0,89
4300661,2,16
4300703,0,35
4300802,2,119
4300851,0,37
4300877,2,113
4300901,2,58
4301008,1,185
4301057,2,142
4301073,1,20
4301107,1,148
4301206,0,132
4301305,0,142
4301404,2,79
4301503,0,52
4301552,0,28
4301602,1,934
4301636,1,173
4301651,1,41
4301701,1,72
4301750,1,27
4301800,0,56
4301859,2,46
4301875,2,68
4301909,0,77
4301958,0,31
4302006,0,67
4302055,0,14
4302105,1,1097
4302154,2,17
4302204,1,72
4302220,1,28
4302238,2,23
4302253,2,15
4302303,2,138
4302352,0,168
4302378,1,16
4302402,0,133
4302451,1,38
4302501,2,39
4302584,1,13
4302600,2,27
4302659,1,43
4302709,0,220
4302808,0,329
4302907,0,100
4303004,1,652
4303103,1,1262
4303202,0,31
4303301,1,19
4303400,1,40
4303509,0,671
4303558,2,20
4303608,1,40
4303673,0,20
4303707,1,62
4303806,1,53
4303905,2,716
4304002,0,56
4304101,1,52
4304200,2,244
4304309,1,52
4304358,0,117
4304408,0,470
4304507,1,337
4304606,2,2922
4304614,1,15
4304622,1,13
4304630,1,646
4304655,0,36
4304663,1,274
4304671,1,65
4304689,2,124
4304697,2,37
4304705,2,531
4304713,1,62
4304804,0,310
4304853,2,11
4304903,1,85
4304952,0,39
4305009,2,98
4305108,1,4046
4305116,0,12
4305124,0,31
4305132,0,39
4305157,1,12
4305173,0,76
4305207,1,105
4305306,2,96
4305355,0,337
4305371,1,19
4305405,0,51
4305439,0,26
4305447,0,59
4305454,1,179
4305504,0,15
4305587,0,30
4305603,1,23
4305702,2,96
4305801,0,111
4305850,0,23
4305871,1,30
4305900,0,57
4305934,1,14
4305959,2,32
4305975,2,50
4306007,0,116
4306056,1,103
4306072,0,11
4306106,0,624
4306130,0,18
4306205,2,100
4306304,2,41
4306320,0,24
4306353,1,12
4306379,0,31
4306403,2,360
4306429,0,14
4306452,1,33
4306502,0,143
4306551,1,25
4306601,1,214
4306700,1,26
4306734,1,47
4306767,0,213
4306809,0,182
4306908,2,222
4306924,2,13
4306932,2,68
4306957,1,31
4306973,1,32
4307005,2,993
4307054,0,37
4307104,0,44
4307203,1,51
4307302,1,55
4307401,2,32
4307450,0,37
4307500,0,140
4307559,2,67
4307609,2,491
4307708,1,756
4307807,1,322
4307815,1,31
4307831,0,17
4307864,0,19
4307906,0,758
4308003,1,73
4308052,1,19
4308078,1,50
4308102,0,121
4308201,2,331
4308250,1,14
4308300,2,88
4308409,0,53
4308433,1,28
4308458,1,55
4308508,0,335
4308607,1,275
4308656,2,19
4308706,0,38
4308805,1,55
4308854,1,18
4308904,2,168
4309001,0,148
4309050,2,107
4309100,0,427
4309126,0,16
4309159,0,14
4309209,1,2613
4309308,1,995
4309407,2,69
4309506,1,55
4309555,2,70
4309571,1,17
4309605,2,217
4309654,2,55
4309704,0,44
4309753,1,31
4309803,0,58
4309902,1,75
4309951,1,43
4310009,2,200
4310108,2,409
4310207,2,795
4310306,0,43
4310330,0,344
4310363,2,32
4310405,1,58
4310413,1,24
4310439,0,67
4310462,2,17
4310504,1,39
4310538,0,53
4310553,1,28
4310579,0,19
4310603,1,354
4310652,0,32
4310702,1,30
4310801,0,237
4310850,2,43
4310876,1,20
4310900,0,31
4311007,1,234
4311106,2,83
4311122,2,59
4311130,1,15
4311155,1,44
4311205,0,141
4311239,1,26
4311254,2,30
4311270,1,21
4311304,1,259
4311403,2,840
4311429,2,15
4311502,2,47
4311601,0,42
4311627,0,71
4311643,0,11
4311700,2,72
4311718,0,48
4311734,0,37
4311759,0,67
4311775,1,44
4311791,2,28
4311809,1,426
4311908,1,46
4311981,0,38
4312005,0,17
4312054,0,30
4312104,2,30
4312138,0,33
4312153,1,59
4312179,1,17
4312203,0,40
4312252,2,89
4312302,1,56
4312351,0,16
4312377,2,44
4312385,0,26
4312401,2,630
4312427,2,28
4312443,1,38
4312450,0,41
4312476,2,52
4312500,2,137
4312609,2,34
4312617,0,31
4312625,0,10
4312658,0,183
4312674,2,21
4312708,0,126
4312757,2,30
4312807,1,68
4312906,2,92
4312955,0,21
4313003,2,33
4313011,0,33
4313037,0,48
4313060,1,218
4313086,2,13
4313102,1,33
4313201,1,268
4313300,1,293
4313334,2,22
4313359,2,27
4313375,1,343
4313391,2,29
4313409,1,2280
4313425,1,11
4313441,1,26
4313466,2,22
4313490,0,45
4313508,1,502
4313607,0,27
4313656,0,140
4313706,1,371
4313805,2,95
4313904,0,537
4313953,0,103
4314001,2,64
4314027,2,68
4314035,0,56
4314050,0,634
4314068,2,31
4314076,1,56
4314100,1,1983
4314134,2,16
4314159,0,83
4314175,1,17
4314209,0,47
4314308,2,42
4314407,2,2252
4314423,2,59
4314456,0,39
4314464,1,21
4314472,1,11
4314498,0,50
4314506,2,81
4314548,0,28
4314555,2,12
4314605,0,143
4314704,2,77
4314753,0,23
4314779,0,28
4314787,0,15
4314803,0,372
4314902,0,8343
4315008,1,36
4315057,1,28
4315073,0,19
4315107,1,94
4315131,1,13
4315149,0,38
4315156,2,33
4315172,1,28
4315206,2,26
4315305,1,214
4315313,2,17
4315321,0,15
4315354,0,42
4315404,0,70
4315453,1,15
4315503,1,151
4315552,1,9
4315602,1,1630
4315701,1,303
4315750,2,42
4315800,0,79
4315909,1,55
4316006,1,178
4316105,1,70
4316204,1,48
4316303,2,32
4316402,1,312
4316428,2,34
4316436,1,25
4316451,0,98
4316477,2,34
4316501,1,70
4316600,2,143
4316709,1,96
4316733,1,16
4316758,2,76
4316808,1,1173
4316907,2,1949
4316956,2,36
4316972,2,25
4317004,1,46
4317103,0,769
4317202,0,745
4317251,2,11
4317301,0,321
4317400,2,402
4317509,1,629
4317558,2,18
4317608,2,383
4317707,0,74
4317756,1,29
4317806,2,164
4317905,0,137
4317954,2,10
4318002,1,604
4318051,1,27
4318101,1,154
4318200,1,198
4318309,2,617
4318408,0,187
4318424,0,42
4318440,0,30
4318457,2,23
4318465,2,15
4318481,0,37
4318499,0,29
4318507,1,282
4318606,1,62
4318614,2,20
4318622,1,47
4318705,0,2101
4318804,1,322
4318903,0,341
4319000,2,204
4319109,0,49
4319125,2,29
4319158,0,67
4319208,2,50
4319307,1,57
4319356,1,42
4319364,2,10
4319372,2,28
4319406,0,160
4319505,0,276
4319604,1,155
4319703,2,31
4319711,2,17
4319737,1,14
4319752,2,33
4319802,2,101
4319901,1,835
4320008,0,1375
4320107,1,221
4320206,0,137
4320230,0,34
4320263,1,44
4320305,2,51
4320321,0,25
4320354,1,45
4320404,1,173
4320453,2,16
4320503,2,43
4320552,0,48
4320578,2,14
4320602,2,33
4320651,1,18
4320677,2,70
4320701,0,152
4320800,0,293
4320859,2,64
4320909,1,321
4321006,2,99
4321105,0,154
4321204,1,504
4321303,1,258
4321329,1,42
4321352,2,64
4321402,1,175
4321436,1,142
4321451,2,297
4321469,0,32
4321477,0,41
4321493,0,13
4321501,2,435
4321600,1,746
4321626,0,24
4321634,2,12
4321667,1,129
4321709,1,272
4321808,2,203
4321832,0,23
4321857,2,54
4321907,1,267
4321956,1,72
4322004,2,306
4322103,1,47
4322152,2,35
4322186,1,11
4322202,1,233
4322251,2,66
4322301,2,62
4322327,1,42
4322343,0,13
4322376,0,24
4322400,2,1263
4322509,0,787
4322525,0,51
4322533,1,70
4322541,2,59
4322558,1,24
4322608,1,513
4322707,1,226
4322806,2,205
4322855,0,16
4322905,1,25
4323002,2,2650
4323101,1,32
4323200,2,25
4323309,2,42
4323358,1,27
4323408,2,37
4323457,2,50
4323507,1,22
4323606,0,19
4323705,1,24
4323754,2,19
4323770,1,22
4323804,0,222
5000203,0,322
5000252,0,102
5000609,2,625
5000708,1,400
5000807,1,133
5000856,1,199
5000906,1,134
5001003,1,379
5001102,0,599
5001243,1,182
5001508,1,158
5001904,0,316
5002001,2,186
5002100,1,312
5002159,2,129
5002209,0,384
5002308,1,173
5002407,0,430
5002605,2,225
5002704,1,9421
5002803,2,93
5002902,1,288
5002951,2,476
5003108,1,92
5003157,1,314
5003207,1,1286
5003256,2,451
5003306,0,451
5003454,0,194
5003488,0,204
5003504,2,65
5003702,1,3097
5003751,1,136
5003801,2,300
5003900,1,69
5004007,0,131
5004106,0,159
5004304,1,209
5004403,1,108
5004502,2,258
5004601,1,364
5004700,1,459
5004809,2,173
5004908,0,103
5005004,0,337
5005103,0,65
5005152,0,136
5005202,0,290
5005251,0,153
5005400,0,646
5005608,0,385
5005681,1,240
5005707,0,809
5005806,1,236
5006002,1,368
5006200,1,701
5006259,2,95
5006275,1,127
5006309,1,493
5006358,0,176
5006408,1,101
5006606,0,1699
5006903,1,187
5007109,2,425
5007208,2,567
5007307,0,81
5007406,0,312
5007505,0,93
5007554,1,116
5007695,1,487
5007703,2,153
5007802,1,135
5007901,1,723
5007935,0,199
5007950,0,185
5007976,2,52
5008008,0,281
5008305,1,1683
5008404,1,88
5100102,2,51
5100201,1,374
5100250,2,735
5100300,1,177
5100359,1,93
5100409,2,175
5100508,1,98
5100607,0,180
5100805,1,140
5101001,0,50
5101209,2,18
5101258,0,192
5101308,2,135
5101407,1,403
5101605,1,100
5101704,0,414
5101803,0,775
5101852,0,123
5101902,2,288
5102504,1,1142
5102603,1,156
5102637,0,820
5102678,1,671
5102686,1,170
5102694,1,80
5102702,2,319
5102793,0,130
5102850,0,68
5103007,1,257
5103056,0,162
5103106,0,69
5103205,1,433
5103254,0,431
5103304,2,252
5103353,0,574
5103361,1,49
5103379,0,167
5103403,2,6261
5103437,1,70
5103452,0,120
5103502,2,333
5103601,1,94
5103700,0,172
5103809,2,38
5103858,0,104
5103908,0,69
5103957,1,34
5104104,1,459
5104203,2,112
5104500,0,33
5104526,2,161
5104542,2,133
5104559,1,89
5104609,0,237
5104807,1,357
5104906,0,105
5105002,0,122
5105101,2,437
5105150,1,551
5105176,1,134
5105200,0,152
5105234,2,65
5105259,2,1307
5105309,1,29
5105507,1,219
5105580,2,186
5105606,0,298
5105622,2,328
5105903,2,238
5106000,0,74
5106109,2,136
5106158,0,209
5106174,1,41
5106182,0,105
5106190,1,69
5106208,2,57
5106216,0,186
5106224,0,889
5106232,2,239
5106240,1,189
5106257,0,262
5106265,0,117
5106273,1,53
5106281,2,114
5106299,1,178
5106307,1,340
5106315,2,38
5106372,0,259
5106422,1,463
5106455,0,62
5106505,1,402
5106653,0,65
5106703,1,18
5106752,1,667
5106778,2,183
5106802,2,82
5106828,0,149
5106851,0,45
5107008,0,283
5107040,0,1166
5107065,1,423
5107107,0,232
5107156,0,26
5107180,2,134
5107198,2,49
5107206,1,72
5107248,2,102
5107263,2,37
5107297,2,35
5107305,0,240
5107354,1,122
5107404,2,78
5107578,1,46
5107602,1,3037
5107701,2,155
5107743,0,52
5107750,0,52
5107768,1,86
5107776,2,86
5107792,0,66
5107800,0,231
5107859,1,159
5107875,0,420
5107883,1,34
5107909,1,2743
5107925,2,1729
5107941,1,182
5107958,0,1200
5108006,1,194
5108055,1,166
5108105,1,34
5108204,0,43
5108303,0,73
5108352,0,41
5108402,2,3851
5108501,1,174
5108600,0,270
5108808,1,70
5108857,1,58
5108907,2,94
5108956,1,142
5200050,2,320
5200100,2,192
5200134,2,262
5200159,2,21
5200175,1,81
5200209,0,23
5200258,0,3009
5200308,1,311
5200506,1,36
5200555,0,115
5200605,2,156
5200803,1,103
5200829,0,34
5200852,1,63
5200902,1,38
5201108,1,3908
5201207,1,20
5201306,1,164
5201405,0,5744
5201454,1,42
5201504,2,51
5201603,2,44
5201702,2,221
5201801,2,175
5202155,0,58
5202353,0,28
5202502,1,100
5202601,2,33
5202809,0,35
5203104,0,42
5203203,1,164
5203302,0,302
5203401,0,90
5203500,2,301
5203559,1,130
5203575,2,41
5203609,1,39
5203807,1,82
5203906,0,102
5203939,0,43
5203962,0,40
5204003,1,94
5204102,0,164
5204201,0,20
5204250,2,106
5204300,1,129
5204409,2,117
5204508,2,1204
5204557,1,66
5204607,0,55
5204656,0,44
5204706,0,193
5204805,1,96
5204854,2,107
5204904,0,229
5204953,2,52
5205000,0,70
5205059,2,47
5205109,2,951
5205208,1,77
5205307,2,114
5205406,2,143
5205455,1,113
5205471,1,197
5205497,2,1255
5205513,0,311
5205521,0,53
5205703,0,22
5205802,1,96
5205901,2,87
5206206,2,1058
5206305,1,35
5206404,0,152
5206503,0,43
5206602,1,21
5206701,0,53
5206800,2,31
5206909,1,31
5207105,0,29
5207253,2,85
5207352,0,47
5207402,0,129
5207501,2,40
5207535,1,42
5207600,2,54
5207808,0,81
5207907,2,124
5208004,2,1202
5208103,2,45
5208152,1,46
5208301,0,58
5208400,0,155
5208509,0,54
5208608,2,920
5208707,2,8851
5208806,0,1057
5208905,2,156
5209101,1,448
5209150,2,70
5209200,1,242
5209291,1,26
5209408,0,31
5209457,0,21
5209606,1,34
5209705,0,362
5209804,0,53
5209903,2,150
5209937,2,69
5209952,1,231
5210000,2,501
5210109,0,267
5210158,1,29
5210208,2,340
5210307,2,24
5210406,0,525
5210562,1,52
5210604,2,47
5210802,0,54
5210901,2,251
5211008,2,94
5211206,0,202
5211305,0,75
5211404,1,61
5211503,1,1177
5211602,0,28
5211701,2,61
5211800,1,493
5211909,0,1123
5212006,1,31
5212055,2,30
5212105,1,71
5212204,0,189
5212253,0,21
5212303,1,71
5212501,1,3006
5212600,0,33
5212709,0,108
5212808,2,116
5212907,2,36
5212956,2,53
5213004,2,153
5213053,1,21
5213087,1,327
5213103,0,970
5213400,0,14
5213509,0,98
5213707,0,85
5213756,1,142
5213772,0,40
5213806,1,463
5213855,2,22
5213905,2,48
5214002,0,236
5214051,2,77
5214101,1,48
5214408,2,107
5214507,2,375
5214606,0,324
5214705,1,31
5214804,2,21
5214838,1,155
5214861,2,82
5214879,0,46
5214903,0,29
5215009,2,105
5215207,0,45
5215231,0,1063
5215256,0,58
5215306,2,126
5215405,2,48
5215504,0,91
5215603,1,394
5215652,2,44
5215702,2,344
5215801,2,14
5215900,1,46
5216007,0,43
5216304,1,98
5216403,1,132
5216452,2,50
5216809,0,55
5216908,2,18
5217104,0,229
5217203,1,113
5217302,2,343
5217401,0,268
5217609,2,1570
5217708,1,167
5218003,2,427
5218052,1,74
5218102,2,51
5218300,0,401
5218391,0,31
5218508,1,586
5218607,2,118
5218706,0,39
5218789,2,69
5218805,1,2644
5218904,0,233
5219001,1,83
5219100,1,81
5219209,2,29
5219258,2,76
5219357,2,39
5219407,2,62
5219456,1,32
5219506,2,41
5219605,1,27
5219704,1,80
5219712,0,32
5219738,0,106
5219753,0,861
5219803,2,104
5219902,0,81
5220009,2,174
5220058,0,24
5220108,2,300
5220157,2,80
5220207,1,298
5220264,1,39
5220280,0,27
5220405,1,252
5220454,1,1867
5220504,1,98
5220603,0,168
5220686,1,64
5220702,2,33
5221007,1,59
5221080,1,32
5221197,1,95
5221304,2,29
5221403,0,1645
5221452,2,32
5221502,2,48
5221551,2,70
5221577,1,30
5221601,1,430
5221700,2,119
5221809,2,28
5221858,2,2080
5221908,1,43
5222005,0,174
5222054,1,130
5222203,2,70
5222302,2,65
